From,To,Product,Month,Quantity
Australia,Japan,BreatheEasy Inhalant,Aug2004,92
Australia,Japan,CleanSlate Mouthwash,Aug2004,14
Australia,Japan,GentleGlow Baby Face Wash,Aug2004,16
Australia,Japan,GentleGlow Face Cleanser,Aug2004,155
Australia,Japan,PurePore Toner,Aug2004,79
Australia,Japan,SilkSmooth Exfoliating Scrub,Aug2004,45
Australia,Japan,SoothingSerenity Air Freshener,Aug2004,327
Australia,Japan,SoothingSerenity Baby Rub,Aug2004,98
Australia,France,BriteBite Toothbrush,Aug2004,428
Australia,France,CalmingClean Bath Time Wash,Aug2004,131
Australia,France,CalmingClean Diaper Rash Cream,Aug2004,397
Australia,France,CleanSlate Mouthwash,Aug2004,574
Australia,France,CleanSlate Stain Remover,Aug2004,527
Australia,France,DailyDazzle Toothpaste,Aug2004,236
Australia,France,EasyWash Laundry Detergent for Babies,Aug2004,137
Australia,France,FreshFusion Diaper Rash Remedy,Aug2004,164
Australia,France,FreshFusion Hair Mask,Aug2004,357
Australia,France,GentleGlow Baby Face Wash,Aug2004,621
Australia,France,GentleGlow Face Cleanser,Aug2004,277
Australia,France,GentleGlow Face Lotion,Aug2004,336
Australia,France,GentleGlow Pet Grooming Kit,Aug2004,383
Australia,France,HydraHydrate Hand Cream,Aug2004,11
Australia,France,LittleLullaby Diaper Cream,Aug2004,43
Australia,France,LittleLullaby Diaper Liners,Aug2004,505
Australia,France,MorningMist Deodorant,Aug2004,52
Australia,France,PurePore Sanitary Belt,Aug2004,391
Australia,France,PurePore Toner,Aug2004,618
Australia,France,Purezza Body Wash,Aug2004,163
Australia,France,RadiantRose Baby Massage Oil,Aug2004,248
Australia,France,RadiantRose Glass Cleaner,Aug2004,285
Australia,France,RadiantRover Pet Conditioner,Aug2004,558
Australia,France,Refreshing Rose Body Oil,Aug2004,176
Australia,France,SilkSmooth Exfoliating Scrub,Aug2004,786
Australia,France,SilkySkin Baby Cream,Aug2004,140
Australia,France,SmellSational Baby Room Spray,Aug2004,209
Australia,France,SmileShield Whitening Strips,Aug2004,128
Australia,France,SoftStep Baby Shampoo,Aug2004,347
Australia,France,SoothingSerenity Air Freshener,Aug2004,756
Australia,France,SoothingSerenity Baby Rub,Aug2004,551
Australia,France,SoothingSoft Fabric Softener,Aug2004,156
Brazil,France,BrightBreeze Baby Sunscreen Stick,Aug2004,518
Brazil,France,BrightBreeze Insect Repellent,Aug2004,148
Brazil,France,BrightBreeze Period Pain Relief,Aug2004,556
Brazil,France,BrightBreeze Window Cleaner,Aug2004,47
Brazil,France,CalmingClean Diaper Rash Cream,Aug2004,484
Brazil,France,CalmingClean Dog Brush,Aug2004,203
Brazil,France,DentalDefense Toothpaste,Aug2004,161
Brazil,France,EasyWash Laundry Detergent,Aug2004,215
Brazil,France,EasyWash Laundry Detergent for Delicates,Aug2004,97
Brazil,France,FreshFusion Detergent,Aug2004,94
Brazil,France,FreshFusion Mouth Rinse,Aug2004,10
Brazil,France,FreshStart Toothpaste,Aug2004,268
Brazil,France,Hydrating Honey Body Lotion,Aug2004,810
Brazil,France,OralEase Plus Toothbrush,Aug2004,54
Brazil,France,PurePaw Dog Shampoo,Aug2004,2
Brazil,France,RadiantRinse Color Protector,Aug2004,263
Brazil,France,SmellSational Intimate Spray,Aug2004,357
Brazil,France,SmilesSoPure Waterpik,Aug2004,43
Brazil,France,SmoothOperator Shaving Gel,Aug2004,108
Brazil,France,SoftStep Shaving Cream,Aug2004,188
Brazil,France,SoothingPaws Cat Lotion,Aug2004,122
Brazil,France,SunShield SPF 50 Lotion,Aug2004,19
Brazil,Japan,BrightBreeze Baby Sunscreen Stick,Aug2004,117
Brazil,Japan,CalmingClean Diaper Rash Cream,Aug2004,357
Brazil,Japan,SilkSmooth Exfoliating Scrub,Aug2004,136
Brazil,United Kingdom,CalmingClean Diaper Rash Cream,Aug2004,37
Egypt,France,BrightBreeze Period Pain Relief,Aug2004,90
Egypt,France,FreshFusion All-Purpose Cleaner,Aug2004,354
Egypt,France,SoothingSerenity Hand Sanitizer,Aug2004,315
Egypt,Japan,BrightBreeze Period Pain Relief,Aug2004,41
India,France,CleanSkin Acne Treatment,Aug2004,107
India,France,CleanSmile Floss Picks,Aug2004,131
India,France,LuminousLip Care,Aug2004,52
India,France,LuminousLocks Shampoo,Aug2004,123
India,France,SoftStep Shaving Cream for Women,Aug2004,58
India,France,SoothingSerenity Scalp Treatment,Aug2004,77
Italy,France,FreshFusion All-Purpose Cleaner,Aug2004,274
Japan,France,OralEase Gel,Aug2004,72
Australia,Japan,BreatheEasy Inhalant,Jan2004,85
Australia,Japan,CleanSlate Stain Remover,Jan2004,6
Australia,Japan,GentleGlow Baby Face Wash,Jan2004,87
Australia,Japan,GentleGlow Face Cleanser,Jan2004,130
Australia,Japan,PurePore Toner,Jan2004,112
Australia,Japan,SoothingSerenity Air Freshener,Jan2004,339
Australia,Japan,SoothingSerenity Baby Rub,Jan2004,89
Australia,France,BriteBite Toothbrush,Jan2004,490
Australia,France,CalmingClean Bath Time Wash,Jan2004,133
Australia,France,CalmingClean Diaper Rash Cream,Jan2004,493
Australia,France,CleanSlate Mouthwash,Jan2004,498
Australia,France,CleanSlate Stain Remover,Jan2004,538
Australia,France,DailyDazzle Toothpaste,Jan2004,211
Australia,France,EasyWash Laundry Detergent for Babies,Jan2004,126
Australia,France,FreshFusion Diaper Rash Remedy,Jan2004,163
Australia,France,FreshFusion Hair Mask,Jan2004,438
Australia,France,GentleGlow Baby Face Wash,Jan2004,659
Australia,France,GentleGlow Face Cleanser,Jan2004,266
Australia,France,GentleGlow Face Lotion,Jan2004,373
Australia,France,GentleGlow Pet Grooming Kit,Jan2004,351
Australia,France,LittleLullaby Diaper Cream,Jan2004,78
Australia,France,LittleLullaby Diaper Liners,Jan2004,556
Australia,France,MorningMist Deodorant,Jan2004,34
Australia,France,PurePore Sanitary Belt,Jan2004,372
Australia,France,PurePore Toner,Jan2004,697
Australia,France,Purezza Body Wash,Jan2004,186
Australia,France,RadiantRose Baby Massage Oil,Jan2004,307
Australia,France,RadiantRose Glass Cleaner,Jan2004,243
Australia,France,RadiantRover Pet Conditioner,Jan2004,560
Australia,France,Refreshing Rose Body Oil,Jan2004,190
Australia,France,SilkSmooth Exfoliating Scrub,Jan2004,753
Australia,France,SilkySkin Baby Cream,Jan2004,175
Australia,France,SilkySkin Baby Moisturizer,Jan2004,8
Australia,France,SmellSational Baby Room Spray,Jan2004,227
Australia,France,SmileShield Whitening Strips,Jan2004,157
Australia,France,SoftStep Baby Shampoo,Jan2004,418
Australia,France,SoothingSerenity Air Freshener,Jan2004,783
Australia,France,SoothingSerenity Baby Rub,Jan2004,533
Australia,France,SoothingSoft Fabric Softener,Jan2004,215
Brazil,France,BrightBreeze Baby Sunscreen Stick,Jan2004,579
Brazil,France,BrightBreeze Insect Repellent,Jan2004,144
Brazil,France,BrightBreeze Period Pain Relief,Jan2004,547
Brazil,France,BrightBreeze Window Cleaner,Jan2004,58
Brazil,France,CalmingClean Diaper Rash Cream,Jan2004,298
Brazil,France,CalmingClean Dog Brush,Jan2004,234
Brazil,France,DentalDefense Toothpaste,Jan2004,152
Brazil,France,EasyWash Laundry Detergent,Jan2004,202
Brazil,France,EasyWash Laundry Detergent for Delicates,Jan2004,97
Brazil,France,EasyWash Pet Laundry Detergent,Jan2004,33
Brazil,France,FreshFusion Detergent,Jan2004,89
Brazil,France,FreshFusion Mouth Rinse,Jan2004,39
Brazil,France,FreshStart Toothpaste,Jan2004,240
Brazil,France,Hydrating Honey Body Lotion,Jan2004,731
Brazil,France,OralEase Plus Toothbrush,Jan2004,26
Brazil,France,PurePaw Dog Shampoo,Jan2004,29
Brazil,France,PurePore Insect Repellent Spray,Jan2004,13
Brazil,France,RadiantRinse Color Protector,Jan2004,312
Brazil,France,SilkSmooth Exfoliating Scrub,Jan2004,109
Brazil,France,SmellSational Intimate Spray,Jan2004,382
Brazil,France,SmilesSoPure Waterpik,Jan2004,52
Brazil,France,SmoothOperator Shaving Gel,Jan2004,133
Brazil,France,SoftStep Shaving Cream,Jan2004,188
Brazil,France,SoothingPaws Cat Lotion,Jan2004,137
Brazil,France,SunShield SPF 50 Lotion,Jan2004,24
Brazil,Japan,BrightBreeze Baby Sunscreen Stick,Jan2004,118
Brazil,Japan,CalmingClean Diaper Rash Cream,Jan2004,325
Brazil,Japan,SilkSmooth Exfoliating Scrub,Jan2004,213
Brazil,United Kingdom,CalmingClean Diaper Rash Cream,Jan2004,8
Egypt,France,BrightBreeze Period Pain Relief,Jan2004,98
Egypt,France,FreshFusion All-Purpose Cleaner,Jan2004,295
Egypt,France,SoothingSerenity Hand Sanitizer,Jan2004,338
Egypt,Japan,BrightBreeze Period Pain Relief,Jan2004,42
India,France,CleanSkin Acne Treatment,Jan2004,148
India,France,CleanSmile Floss Picks,Jan2004,144
India,France,LuminousLip Care,Jan2004,55
India,France,LuminousLocks Shampoo,Jan2004,130
India,France,SoftStep Shaving Cream for Women,Jan2004,52
Italy,France,FreshFusion All-Purpose Cleaner,Jan2004,268
Japan,France,OralEase Gel,Jan2004,29
Australia,Japan,BreatheEasy Inhalant,Feb2004,76
Australia,Japan,CleanSlate Mouthwash,Feb2004,33
Australia,Japan,GentleGlow Baby Face Wash,Feb2004,62
Australia,Japan,GentleGlow Face Cleanser,Feb2004,169
Australia,Japan,LittleLullaby Diaper Liners,Feb2004,7
Australia,Japan,SilkSmooth Exfoliating Scrub,Feb2004,144
Australia,Japan,SoothingSerenity Air Freshener,Feb2004,319
Australia,Japan,SoothingSerenity Baby Rub,Feb2004,81
Australia,France,BriteBite Toothbrush,Feb2004,469
Australia,France,CalmingClean Bath Time Wash,Feb2004,114
Australia,France,CalmingClean Diaper Rash Cream,Feb2004,509
Australia,France,CleanSlate Mouthwash,Feb2004,656
Australia,France,CleanSlate Stain Remover,Feb2004,442
Australia,France,DailyDazzle Toothpaste,Feb2004,233
Australia,France,EasyWash Laundry Detergent for Babies,Feb2004,125
Australia,France,FreshFusion Diaper Rash Remedy,Feb2004,162
Australia,France,FreshFusion Hair Mask,Feb2004,437
Australia,France,GentleGlow Baby Face Wash,Feb2004,620
Australia,France,GentleGlow Face Cleanser,Feb2004,277
Australia,France,GentleGlow Face Lotion,Feb2004,329
Australia,France,GentleGlow Pet Grooming Kit,Feb2004,275
Australia,France,LittleLullaby Diaper Cream,Feb2004,81
Australia,France,LittleLullaby Diaper Liners,Feb2004,638
Australia,France,MorningMist Deodorant,Feb2004,25
Australia,France,PurePore Sanitary Belt,Feb2004,367
Australia,France,PurePore Toner,Feb2004,701
Australia,France,Purezza Body Wash,Feb2004,141
Australia,France,RadiantRose Baby Massage Oil,Feb2004,234
Australia,France,RadiantRose Glass Cleaner,Feb2004,268
Australia,France,RadiantRover Pet Conditioner,Feb2004,537
Australia,France,Refreshing Rose Body Oil,Feb2004,177
Australia,France,SilkSmooth Exfoliating Scrub,Feb2004,723
Australia,France,SilkySkin Baby Cream,Feb2004,118
Australia,France,SilkySkin Baby Moisturizer,Feb2004,4
Australia,France,SmellSational Baby Room Spray,Feb2004,253
Australia,France,SmileShield Whitening Strips,Feb2004,137
Australia,France,SoftStep Baby Shampoo,Feb2004,376
Australia,France,SoothingSerenity Air Freshener,Feb2004,724
Australia,France,SoothingSerenity Baby Rub,Feb2004,507
Australia,France,SoothingSoft Fabric Softener,Feb2004,176
Brazil,France,BrightBreeze Baby Sunscreen Stick,Feb2004,522
Brazil,France,BrightBreeze Insect Repellent,Feb2004,168
Brazil,France,BrightBreeze Period Pain Relief,Feb2004,571
Brazil,France,BrightBreeze Window Cleaner,Feb2004,60
Brazil,France,CalmingClean Diaper Rash Cream,Feb2004,327
Brazil,France,CalmingClean Dog Brush,Feb2004,248
Brazil,France,DentalDefense Toothpaste,Feb2004,141
Brazil,France,EasyWash Laundry Detergent,Feb2004,207
Brazil,France,EasyWash Laundry Detergent for Delicates,Feb2004,77
Brazil,France,FreshFusion Detergent,Feb2004,93
Brazil,France,FreshFusion Mouth Rinse,Feb2004,8
Brazil,France,FreshStart Toothpaste,Feb2004,262
Brazil,France,Hydrating Honey Body Lotion,Feb2004,713
Brazil,France,MorningBreeze Gum Care,Feb2004,54
Brazil,France,OralEase Plus Toothbrush,Feb2004,53
Brazil,France,PurePaw Dog Shampoo,Feb2004,1
Brazil,France,PurePore Insect Repellent Spray,Feb2004,12
Brazil,France,PurePore Toner,Feb2004,7
Brazil,France,RadiantRinse Color Protector,Feb2004,248
Brazil,France,SmellSational Intimate Spray,Feb2004,415
Brazil,France,SmilesSoPure Waterpik,Feb2004,39
Brazil,France,SmoothOperator Shaving Gel,Feb2004,121
Brazil,France,SoftStep Shaving Cream,Feb2004,189
Brazil,France,SoothingPaws Cat Lotion,Feb2004,151
Brazil,France,SunShield SPF 50 Lotion,Feb2004,19
Brazil,Japan,BrightBreeze Baby Sunscreen Stick,Feb2004,65
Brazil,Japan,CalmingClean Diaper Rash Cream,Feb2004,367
Brazil,Japan,PurePore Toner,Feb2004,94
Brazil,United Kingdom,CalmingClean Diaper Rash Cream,Feb2004,29
Egypt,France,BrightBreeze Period Pain Relief,Feb2004,65
Egypt,France,FreshFusion All-Purpose Cleaner,Feb2004,277
Egypt,France,SoothingSerenity Hand Sanitizer,Feb2004,321
Egypt,Japan,BrightBreeze Period Pain Relief,Feb2004,49
India,France,CleanSkin Acne Treatment,Feb2004,69
India,France,CleanSmile Floss Picks,Feb2004,114
India,France,LuminousLip Care,Feb2004,64
India,France,LuminousLocks Shampoo,Feb2004,123
India,France,SoftStep Shaving Cream for Women,Feb2004,51
India,France,SoothingSerenity Scalp Treatment,Feb2004,50
Italy,France,FreshFusion All-Purpose Cleaner,Feb2004,366
Italy,Japan,FreshFusion All-Purpose Cleaner,Feb2004,67
Japan,France,OralEase Gel,Feb2004,90
Australia,Japan,BreatheEasy Inhalant,May2004,89
Australia,Japan,CleanSlate Mouthwash,May2004,11
Australia,Japan,GentleGlow Baby Face Wash,May2004,57
Australia,Japan,GentleGlow Face Cleanser,May2004,126
Australia,Japan,LittleLullaby Diaper Liners,May2004,1
Australia,Japan,SilkSmooth Exfoliating Scrub,May2004,107
Australia,Japan,SoothingSerenity Air Freshener,May2004,375
Australia,Japan,SoothingSerenity Baby Rub,May2004,80
Australia,France,BriteBite Toothbrush,May2004,417
Australia,France,CalmingClean Bath Time Wash,May2004,128
Australia,France,CalmingClean Diaper Rash Cream,May2004,435
Australia,France,CleanSlate Mouthwash,May2004,586
Australia,France,CleanSlate Stain Remover,May2004,497
Australia,France,DailyDazzle Toothpaste,May2004,235
Australia,France,EasyWash Laundry Detergent for Babies,May2004,147
Australia,France,FreshFusion Diaper Rash Remedy,May2004,156
Australia,France,FreshFusion Hair Mask,May2004,381
Australia,France,GentleGlow Baby Face Wash,May2004,605
Australia,France,GentleGlow Face Cleanser,May2004,254
Australia,France,GentleGlow Face Lotion,May2004,335
Australia,France,GentleGlow Pet Grooming Kit,May2004,367
Australia,France,HydraHydrate Hand Cream,May2004,2
Australia,France,LittleLullaby Diaper Cream,May2004,59
Australia,France,LittleLullaby Diaper Liners,May2004,598
Australia,France,MorningMist Deodorant,May2004,59
Australia,France,PurePore Sanitary Belt,May2004,348
Australia,France,PurePore Toner,May2004,752
Australia,France,Purezza Body Wash,May2004,181
Australia,France,RadiantRose Baby Massage Oil,May2004,262
Australia,France,RadiantRose Glass Cleaner,May2004,327
Australia,France,RadiantRover Pet Conditioner,May2004,582
Australia,France,Refreshing Rose Body Oil,May2004,192
Australia,France,SilkSmooth Exfoliating Scrub,May2004,733
Australia,France,SilkySkin Baby Cream,May2004,118
Australia,France,SilkySkin Baby Moisturizer,May2004,5
Australia,France,SmellSational Baby Room Spray,May2004,253
Australia,France,SmileShield Whitening Strips,May2004,162
Australia,France,SoftStep Baby Shampoo,May2004,297
Australia,France,SoothingSerenity Air Freshener,May2004,796
Australia,France,SoothingSerenity Baby Rub,May2004,528
Australia,France,SoothingSoft Fabric Softener,May2004,138
Australia,United Kingdom,SoothingSerenity Air Freshener,May2004,1
Brazil,France,BrightBreeze Baby Sunscreen Stick,May2004,508
Brazil,France,BrightBreeze Insect Repellent,May2004,191
Brazil,France,BrightBreeze Period Pain Relief,May2004,522
Brazil,France,BrightBreeze Window Cleaner,May2004,58
Brazil,France,CalmingClean Diaper Rash Cream,May2004,482
Brazil,France,CalmingClean Dog Brush,May2004,198
Brazil,France,DentalDefense Toothpaste,May2004,175
Brazil,France,EasyWash Laundry Detergent,May2004,263
Brazil,France,EasyWash Laundry Detergent for Delicates,May2004,131
Brazil,France,EasyWash Pet Laundry Detergent,May2004,18
Brazil,France,FreshFusion Detergent,May2004,102
Brazil,France,FreshFusion Mouth Rinse,May2004,26
Brazil,France,FreshStart Toothpaste,May2004,286
Brazil,France,Hydrating Honey Body Lotion,May2004,832
Brazil,France,OralEase Plus Toothbrush,May2004,61
Brazil,France,PurePaw Dog Shampoo,May2004,6
Brazil,France,PurePore Insect Repellent Spray,May2004,8
Brazil,France,PurePore Toner,May2004,23
Brazil,France,RadiantRinse Color Protector,May2004,252
Brazil,France,SmellSational Intimate Spray,May2004,437
Brazil,France,SmileSavvy Tooth Whitening Kit,May2004,11
Brazil,France,SmilesSoPure Waterpik,May2004,47
Brazil,France,SmoothOperator Shaving Gel,May2004,153
Brazil,France,SoftStep Shaving Cream,May2004,197
Brazil,France,SoothingPaws Cat Lotion,May2004,128
Brazil,France,SunShield SPF 50 Lotion,May2004,22
Brazil,Japan,BrightBreeze Baby Sunscreen Stick,May2004,103
Brazil,Japan,BrightBreeze Period Pain Relief,May2004,4
Brazil,Japan,CalmingClean Diaper Rash Cream,May2004,365
Brazil,Japan,PurePore Toner,May2004,138
Brazil,Japan,SilkSmooth Exfoliating Scrub,May2004,86
Brazil,United Kingdom,CalmingClean Diaper Rash Cream,May2004,32
Brazil,United Kingdom,SoothingSerenity Air Freshener,May2004,26
India,France,CleanSkin Acne Treatment,May2004,62
India,France,CleanSmile Floss Picks,May2004,132
India,France,LuminousLip Care,May2004,61
India,France,LuminousLocks Shampoo,May2004,129
India,France,SoftStep Shaving Cream for Women,May2004,51
Egypt,France,FreshFusion All-Purpose Cleaner,May2004,282
Egypt,France,Hydrating Honey Body Lotion,May2004,1
Egypt,France,SoothingSerenity Hand Sanitizer,May2004,393
Italy,France,FreshFusion All-Purpose Cleaner,May2004,376
Italy,Japan,FreshFusion All-Purpose Cleaner,May2004,24
Japan,France,OralEase Gel,May2004,94
Australia,Japan,BreatheEasy Inhalant,Oct2004,75
Australia,Japan,GentleGlow Baby Face Wash,Oct2004,65
Australia,Japan,GentleGlow Face Cleanser,Oct2004,161
Australia,Japan,LittleLullaby Diaper Liners,Oct2004,10
Australia,Japan,PurePore Toner,Oct2004,91
Australia,Japan,SilkSmooth Exfoliating Scrub,Oct2004,51
Australia,Japan,SoothingSerenity Air Freshener,Oct2004,331
Australia,Japan,SoothingSerenity Baby Rub,Oct2004,36
Australia,France,BriteBite Toothbrush,Oct2004,480
Australia,France,CalmingClean Bath Time Wash,Oct2004,127
Australia,France,CalmingClean Diaper Rash Cream,Oct2004,434
Australia,France,CleanSlate Mouthwash,Oct2004,469
Australia,France,CleanSlate Stain Remover,Oct2004,520
Australia,France,DailyDazzle Toothpaste,Oct2004,221
Australia,France,EasyWash Laundry Detergent for Babies,Oct2004,138
Australia,France,FreshFusion Diaper Rash Remedy,Oct2004,158
Australia,France,FreshFusion Hair Mask,Oct2004,488
Australia,France,GentleGlow Baby Face Wash,Oct2004,599
Australia,France,GentleGlow Face Cleanser,Oct2004,326
Australia,France,GentleGlow Face Lotion,Oct2004,397
Australia,France,GentleGlow Pet Grooming Kit,Oct2004,353
Australia,France,HydraHydrate Hand Cream,Oct2004,3
Australia,France,LittleLullaby Diaper Cream,Oct2004,44
Australia,France,LittleLullaby Diaper Liners,Oct2004,634
Australia,France,MorningMist Deodorant,Oct2004,65
Australia,France,PurePore Sanitary Belt,Oct2004,360
Australia,France,PurePore Toner,Oct2004,658
Australia,France,Purezza Body Wash,Oct2004,124
Australia,France,RadiantRose Baby Massage Oil,Oct2004,321
Australia,France,RadiantRose Glass Cleaner,Oct2004,230
Australia,France,RadiantRover Pet Conditioner,Oct2004,561
Australia,France,Refreshing Rose Body Oil,Oct2004,163
Australia,France,SilkSmooth Exfoliating Scrub,Oct2004,769
Australia,France,SilkySkin Baby Cream,Oct2004,134
Australia,France,SmellSational Baby Room Spray,Oct2004,325
Australia,France,SmileShield Whitening Strips,Oct2004,128
Australia,France,SoftStep Baby Shampoo,Oct2004,335
Australia,France,SoothingSerenity Air Freshener,Oct2004,779
Australia,France,SoothingSerenity Baby Rub,Oct2004,489
Australia,France,SoothingSoft Fabric Softener,Oct2004,196
Brazil,France,BrightBreeze Baby Sunscreen Stick,Oct2004,508
Brazil,France,BrightBreeze Insect Repellent,Oct2004,145
Brazil,France,BrightBreeze Period Pain Relief,Oct2004,561
Brazil,France,BrightBreeze Window Cleaner,Oct2004,66
Brazil,France,CalmingClean Diaper Rash Cream,Oct2004,424
Brazil,France,CalmingClean Dog Brush,Oct2004,227
Brazil,France,DentalDefense Toothpaste,Oct2004,163
Brazil,France,EasyWash Laundry Detergent,Oct2004,244
Brazil,France,EasyWash Laundry Detergent for Delicates,Oct2004,113
Brazil,France,EasyWash Pet Laundry Detergent,Oct2004,1
Brazil,France,FreshFusion Detergent,Oct2004,74
Brazil,France,FreshFusion Mouth Rinse,Oct2004,18
Brazil,France,FreshStart Toothpaste,Oct2004,299
Brazil,France,Hydrating Honey Body Lotion,Oct2004,728
Brazil,France,MorningBreeze Gum Care,Oct2004,38
Brazil,France,OralEase Plus Toothbrush,Oct2004,86
Brazil,France,PurePaw Dog Shampoo,Oct2004,7
Brazil,France,PurePore Insect Repellent Spray,Oct2004,17
Brazil,France,RadiantRinse Color Protector,Oct2004,269
Brazil,France,SmellSational Intimate Spray,Oct2004,407
Brazil,France,SmilesSoPure Waterpik,Oct2004,54
Brazil,France,SmoothOperator Shaving Gel,Oct2004,131
Brazil,France,SoftStep Shaving Cream,Oct2004,188
Brazil,France,SoothingPaws Cat Lotion,Oct2004,130
Brazil,France,SunShield SPF 50 Lotion,Oct2004,24
Brazil,Japan,BrightBreeze Baby Sunscreen Stick,Oct2004,90
Brazil,Japan,CalmingClean Diaper Rash Cream,Oct2004,363
Brazil,Japan,SilkSmooth Exfoliating Scrub,Oct2004,163
Brazil,United Kingdom,CalmingClean Diaper Rash Cream,Oct2004,53
Egypt,France,BrightBreeze Period Pain Relief,Oct2004,49
Egypt,France,FreshFusion All-Purpose Cleaner,Oct2004,290
Egypt,France,SoothingSerenity Hand Sanitizer,Oct2004,332
Egypt,Japan,BrightBreeze Period Pain Relief,Oct2004,32
India,France,CleanSkin Acne Treatment,Oct2004,117
India,France,CleanSmile Floss Picks,Oct2004,109
India,France,LuminousLip Care,Oct2004,64
India,France,LuminousLocks Shampoo,Oct2004,83
India,France,SoftStep Shaving Cream for Women,Oct2004,48
India,France,SoothingSerenity Scalp Treatment,Oct2004,52
Italy,France,FreshFusion All-Purpose Cleaner,Oct2004,364
Italy,Japan,FreshFusion All-Purpose Cleaner,Oct2004,25
Japan,France,OralEase Gel,Oct2004,84
Australia,Japan,BreatheEasy Inhalant,Nov2004,100
Australia,Japan,CleanSlate Mouthwash,Nov2004,21
Australia,Japan,GentleGlow Baby Face Wash,Nov2004,88
Australia,Japan,GentleGlow Face Cleanser,Nov2004,124
Australia,Japan,LittleLullaby Diaper Liners,Nov2004,24
Australia,Japan,PurePore Toner,Nov2004,93
Australia,Japan,SoothingSerenity Air Freshener,Nov2004,354
Australia,Japan,SoothingSerenity Baby Rub,Nov2004,81
Australia,France,BriteBite Toothbrush,Nov2004,513
Australia,France,CalmingClean Bath Time Wash,Nov2004,138
Australia,France,CalmingClean Diaper Rash Cream,Nov2004,431
Australia,France,CleanSlate Mouthwash,Nov2004,599
Australia,France,CleanSlate Stain Remover,Nov2004,458
Australia,France,DailyDazzle Toothpaste,Nov2004,203
Australia,France,EasyWash Laundry Detergent for Babies,Nov2004,166
Australia,France,FreshFusion Diaper Rash Remedy,Nov2004,166
Australia,France,FreshFusion Hair Mask,Nov2004,492
Australia,France,GentleGlow Baby Face Wash,Nov2004,606
Australia,France,GentleGlow Face Cleanser,Nov2004,274
Australia,France,GentleGlow Face Lotion,Nov2004,313
Australia,France,GentleGlow Pet Grooming Kit,Nov2004,289
Australia,France,LittleLullaby Diaper Cream,Nov2004,61
Australia,France,LittleLullaby Diaper Liners,Nov2004,686
Australia,France,MorningMist Deodorant,Nov2004,45
Australia,France,PurePore Sanitary Belt,Nov2004,346
Australia,France,PurePore Toner,Nov2004,689
Australia,France,Purezza Body Wash,Nov2004,200
Australia,France,RadiantRose Baby Massage Oil,Nov2004,268
Australia,France,RadiantRose Glass Cleaner,Nov2004,288
Australia,France,RadiantRover Pet Conditioner,Nov2004,590
Australia,France,Refreshing Rose Body Oil,Nov2004,178
Australia,France,SilkSmooth Exfoliating Scrub,Nov2004,760
Australia,France,SilkySkin Baby Cream,Nov2004,183
Australia,France,SmellSational Baby Room Spray,Nov2004,345
Australia,France,SmileShield Whitening Strips,Nov2004,130
Australia,France,SoftStep Baby Shampoo,Nov2004,399
Australia,France,SoothingSerenity Air Freshener,Nov2004,694
Australia,France,SoothingSerenity Baby Rub,Nov2004,527
Australia,France,SoothingSoft Fabric Softener,Nov2004,174
Australia,United Kingdom,SoothingSerenity Air Freshener,Nov2004,24
Brazil,France,BrightBreeze Baby Sunscreen Stick,Nov2004,509
Brazil,France,BrightBreeze Insect Repellent,Nov2004,141
Brazil,France,BrightBreeze Period Pain Relief,Nov2004,543
Brazil,France,BrightBreeze Window Cleaner,Nov2004,55
Brazil,France,CalmingClean Diaper Rash Cream,Nov2004,385
Brazil,France,CalmingClean Dog Brush,Nov2004,219
Brazil,France,DentalDefense Toothpaste,Nov2004,178
Brazil,France,EasyWash Laundry Detergent,Nov2004,235
Brazil,France,EasyWash Laundry Detergent for Delicates,Nov2004,100
Brazil,France,FreshFusion Detergent,Nov2004,73
Brazil,France,FreshFusion Mouth Rinse,Nov2004,31
Brazil,France,FreshStart Toothpaste,Nov2004,292
Brazil,France,Hydrating Honey Body Lotion,Nov2004,754
Brazil,France,MorningBreeze Gum Care,Nov2004,43
Brazil,France,OralEase Plus Toothbrush,Nov2004,80
Brazil,France,PurePaw Dog Shampoo,Nov2004,5
Brazil,France,PurePore Insect Repellent Spray,Nov2004,17
Brazil,France,RadiantRinse Color Protector,Nov2004,306
Brazil,France,SilkSmooth Exfoliating Scrub,Nov2004,110
Brazil,France,SmellSational Intimate Spray,Nov2004,412
Brazil,France,SmilesSoPure Waterpik,Nov2004,43
Brazil,France,SmoothOperator Shaving Gel,Nov2004,108
Brazil,France,SoftStep Shaving Cream,Nov2004,188
Brazil,France,SoothingPaws Cat Lotion,Nov2004,134
Brazil,France,SunShield SPF 50 Lotion,Nov2004,24
Brazil,Japan,BrightBreeze Baby Sunscreen Stick,Nov2004,78
Brazil,Japan,BrightBreeze Period Pain Relief,Nov2004,26
Brazil,Japan,CalmingClean Diaper Rash Cream,Nov2004,337
Brazil,Japan,SilkSmooth Exfoliating Scrub,Nov2004,266
Brazil,United Kingdom,CalmingClean Diaper Rash Cream,Nov2004,5
India,France,CleanSkin Acne Treatment,Nov2004,181
India,France,CleanSmile Floss Picks,Nov2004,96
India,France,LuminousLip Care,Nov2004,53
India,France,LuminousLocks Shampoo,Nov2004,113
India,France,SoftStep Shaving Cream for Women,Nov2004,55
Egypt,France,FreshFusion All-Purpose Cleaner,Nov2004,307
Egypt,France,SoothingSerenity Hand Sanitizer,Nov2004,336
Italy,France,FreshFusion All-Purpose Cleaner,Nov2004,260
Japan,France,OralEase Gel,Nov2004,59
Australia,Japan,BreatheEasy Inhalant,Apr2004,111
Australia,Japan,CleanSlate Mouthwash,Apr2004,8
Australia,Japan,GentleGlow Baby Face Wash,Apr2004,91
Australia,Japan,GentleGlow Face Cleanser,Apr2004,125
Australia,Japan,PurePore Toner,Apr2004,91
Australia,Japan,SoothingSerenity Air Freshener,Apr2004,378
Australia,Japan,SoothingSerenity Baby Rub,Apr2004,64
Australia,France,BriteBite Toothbrush,Apr2004,467
Australia,France,CalmingClean Bath Time Wash,Apr2004,122
Australia,France,CalmingClean Diaper Rash Cream,Apr2004,475
Australia,France,CleanSlate Mouthwash,Apr2004,548
Australia,France,CleanSlate Stain Remover,Apr2004,503
Australia,France,DailyDazzle Toothpaste,Apr2004,189
Australia,France,EasyWash Laundry Detergent for Babies,Apr2004,130
Australia,France,FreshFusion Diaper Rash Remedy,Apr2004,170
Australia,France,FreshFusion Hair Mask,Apr2004,438
Australia,France,GentleGlow Baby Face Wash,Apr2004,648
Australia,France,GentleGlow Face Cleanser,Apr2004,287
Australia,France,GentleGlow Face Lotion,Apr2004,354
Australia,France,GentleGlow Pet Grooming Kit,Apr2004,343
Australia,France,LittleLullaby Diaper Cream,Apr2004,40
Australia,France,LittleLullaby Diaper Liners,Apr2004,575
Australia,France,MorningMist Deodorant,Apr2004,55
Australia,France,PurePore Sanitary Belt,Apr2004,443
Australia,France,PurePore Toner,Apr2004,717
Australia,France,Purezza Body Wash,Apr2004,146
Australia,France,RadiantRose Baby Massage Oil,Apr2004,252
Australia,France,RadiantRose Glass Cleaner,Apr2004,331
Australia,France,RadiantRover Pet Conditioner,Apr2004,527
Australia,France,Refreshing Rose Body Oil,Apr2004,189
Australia,France,SilkSmooth Exfoliating Scrub,Apr2004,792
Australia,France,SilkySkin Baby Cream,Apr2004,134
Australia,France,SmellSational Baby Room Spray,Apr2004,223
Australia,France,SmileShield Whitening Strips,Apr2004,154
Australia,France,SoftStep Baby Shampoo,Apr2004,389
Australia,France,SoothingSerenity Air Freshener,Apr2004,778
Australia,France,SoothingSerenity Baby Rub,Apr2004,519
Australia,France,SoothingSoft Fabric Softener,Apr2004,184
Australia,United Kingdom,SoothingSerenity Air Freshener,Apr2004,28
Brazil,France,BrightBreeze Baby Sunscreen Stick,Apr2004,543
Brazil,France,BrightBreeze Insect Repellent,Apr2004,163
Brazil,France,BrightBreeze Period Pain Relief,Apr2004,502
Brazil,France,BrightBreeze Window Cleaner,Apr2004,45
Brazil,France,CalmingClean Diaper Rash Cream,Apr2004,354
Brazil,France,CalmingClean Dog Brush,Apr2004,223
Brazil,France,DentalDefense Toothpaste,Apr2004,165
Brazil,France,EasyWash Laundry Detergent,Apr2004,158
Brazil,France,EasyWash Laundry Detergent for Delicates,Apr2004,91
Brazil,France,FreshFusion Detergent,Apr2004,86
Brazil,France,FreshFusion Mouth Rinse,Apr2004,21
Brazil,France,FreshStart Toothpaste,Apr2004,334
Brazil,France,Hydrating Honey Body Lotion,Apr2004,807
Brazil,France,MorningBreeze Gum Care,Apr2004,27
Brazil,France,OralEase Plus Toothbrush,Apr2004,92
Brazil,France,PurePaw Dog Shampoo,Apr2004,34
Brazil,France,RadiantRinse Color Protector,Apr2004,245
Brazil,France,SilkSmooth Exfoliating Scrub,Apr2004,29
Brazil,France,SmellSational Intimate Spray,Apr2004,429
Brazil,France,SmilesSoPure Waterpik,Apr2004,46
Brazil,France,SmoothOperator Shaving Gel,Apr2004,141
Brazil,France,SoftStep Shaving Cream,Apr2004,183
Brazil,France,SoothingPaws Cat Lotion,Apr2004,90
Brazil,France,SunShield SPF 50 Lotion,Apr2004,17
Brazil,Japan,BrightBreeze Baby Sunscreen Stick,Apr2004,111
Brazil,Japan,CalmingClean Diaper Rash Cream,Apr2004,374
Brazil,Japan,SilkSmooth Exfoliating Scrub,Apr2004,245
Brazil,United Kingdom,CalmingClean Diaper Rash Cream,Apr2004,26
Egypt,France,BrightBreeze Period Pain Relief,Apr2004,94
Egypt,France,FreshFusion All-Purpose Cleaner,Apr2004,308
Egypt,France,SoothingSerenity Hand Sanitizer,Apr2004,346
Egypt,Japan,BrightBreeze Period Pain Relief,Apr2004,39
India,France,CleanSkin Acne Treatment,Apr2004,143
India,France,CleanSmile Floss Picks,Apr2004,172
India,France,LuminousLip Care,Apr2004,58
India,France,LuminousLocks Shampoo,Apr2004,133
India,France,SoftStep Shaving Cream for Women,Apr2004,74
India,France,SoothingSerenity Scalp Treatment,Apr2004,23
Italy,France,FreshFusion All-Purpose Cleaner,Apr2004,317
Italy,Japan,FreshFusion All-Purpose Cleaner,Apr2004,20
Japan,France,OralEase Gel,Apr2004,68
Australia,Japan,BreatheEasy Inhalant,Mar2004,65
Australia,Japan,CleanSlate Mouthwash,Mar2004,8
Australia,Japan,GentleGlow Baby Face Wash,Mar2004,81
Australia,Japan,GentleGlow Face Cleanser,Mar2004,114
Australia,Japan,LittleLullaby Diaper Liners,Mar2004,6
Australia,Japan,PurePore Toner,Mar2004,83
Australia,Japan,SilkSmooth Exfoliating Scrub,Mar2004,145
Australia,Japan,SoothingSerenity Air Freshener,Mar2004,290
Australia,Japan,SoothingSerenity Baby Rub,Mar2004,76
Australia,France,BriteBite Toothbrush,Mar2004,449
Australia,France,CalmingClean Bath Time Wash,Mar2004,123
Australia,France,CalmingClean Diaper Rash Cream,Mar2004,465
Australia,France,CleanSlate Mouthwash,Mar2004,526
Australia,France,CleanSlate Stain Remover,Mar2004,499
Australia,France,DailyDazzle Toothpaste,Mar2004,189
Australia,France,EasyWash Laundry Detergent for Babies,Mar2004,164
Australia,France,FreshFusion Diaper Rash Remedy,Mar2004,150
Australia,France,FreshFusion Hair Mask,Mar2004,536
Australia,France,GentleGlow Baby Face Wash,Mar2004,597
Australia,France,GentleGlow Face Cleanser,Mar2004,267
Australia,France,GentleGlow Face Lotion,Mar2004,369
Australia,France,GentleGlow Pet Grooming Kit,Mar2004,299
Australia,France,LittleLullaby Diaper Cream,Mar2004,44
Australia,France,LittleLullaby Diaper Liners,Mar2004,592
Australia,France,MorningMist Deodorant,Mar2004,48
Australia,France,PurePore Sanitary Belt,Mar2004,416
Australia,France,PurePore Toner,Mar2004,722
Australia,France,Purezza Body Wash,Mar2004,164
Australia,France,RadiantRose Baby Massage Oil,Mar2004,330
Australia,France,RadiantRose Glass Cleaner,Mar2004,256
Australia,France,RadiantRover Pet Conditioner,Mar2004,491
Australia,France,Refreshing Rose Body Oil,Mar2004,205
Australia,France,SilkSmooth Exfoliating Scrub,Mar2004,705
Australia,France,SilkySkin Baby Cream,Mar2004,210
Australia,France,SilkySkin Baby Moisturizer,Mar2004,15
Australia,France,SmellSational Baby Room Spray,Mar2004,295
Australia,France,SmileShield Whitening Strips,Mar2004,142
Australia,France,SoftStep Baby Shampoo,Mar2004,356
Australia,France,SoothingSerenity Air Freshener,Mar2004,713
Australia,France,SoothingSerenity Baby Rub,Mar2004,553
Australia,France,SoothingSoft Fabric Softener,Mar2004,168
Brazil,France,BrightBreeze Baby Sunscreen Stick,Mar2004,530
Brazil,France,BrightBreeze Insect Repellent,Mar2004,138
Brazil,France,BrightBreeze Period Pain Relief,Mar2004,574
Brazil,France,BrightBreeze Window Cleaner,Mar2004,40
Brazil,France,CalmingClean Diaper Rash Cream,Mar2004,416
Brazil,France,CalmingClean Dog Brush,Mar2004,248
Brazil,France,DentalDefense Toothpaste,Mar2004,131
Brazil,France,EasyWash Laundry Detergent,Mar2004,200
Brazil,France,EasyWash Laundry Detergent for Delicates,Mar2004,81
Brazil,France,FreshFusion Detergent,Mar2004,106
Brazil,France,FreshFusion Mouth Rinse,Mar2004,9
Brazil,France,FreshStart Toothpaste,Mar2004,270
Brazil,France,Hydrating Honey Body Lotion,Mar2004,749
Brazil,France,MorningBreeze Gum Care,Mar2004,4
Brazil,France,OralEase Plus Toothbrush,Mar2004,83
Brazil,France,PurePore Insect Repellent Spray,Mar2004,7
Brazil,France,RadiantRinse Color Protector,Mar2004,307
Brazil,France,SmellSational Intimate Spray,Mar2004,404
Brazil,France,SmileSavvy Tooth Whitening Kit,Mar2004,9
Brazil,France,SmilesSoPure Waterpik,Mar2004,63
Brazil,France,SmoothOperator Shaving Gel,Mar2004,115
Brazil,France,SoftStep Shaving Cream,Mar2004,169
Brazil,France,SoothingPaws Cat Lotion,Mar2004,117
Brazil,France,SunShield SPF 50 Lotion,Mar2004,28
Brazil,Japan,BrightBreeze Baby Sunscreen Stick,Mar2004,96
Brazil,Japan,CalmingClean Diaper Rash Cream,Mar2004,387
Brazil,Japan,PurePore Toner,Mar2004,11
Brazil,Japan,SilkSmooth Exfoliating Scrub,Mar2004,17
Brazil,United Kingdom,CalmingClean Diaper Rash Cream,Mar2004,53
Egypt,France,BrightBreeze Period Pain Relief,Mar2004,70
Egypt,France,FreshFusion All-Purpose Cleaner,Mar2004,324
Egypt,France,SoothingSerenity Hand Sanitizer,Mar2004,366
Egypt,Japan,BrightBreeze Period Pain Relief,Mar2004,49
India,France,CleanSkin Acne Treatment,Mar2004,95
India,France,CleanSmile Floss Picks,Mar2004,158
India,France,LuminousLip Care,Mar2004,53
India,France,LuminousLocks Shampoo,Mar2004,114
India,France,SoftStep Shaving Cream for Women,Mar2004,53
Italy,France,FreshFusion All-Purpose Cleaner,Mar2004,288
Japan,France,OralEase Gel,Mar2004,99
Australia,Japan,BreatheEasy Inhalant,Jul2004,96
Australia,Japan,CleanSlate Mouthwash,Jul2004,15
Australia,Japan,CleanSlate Stain Remover,Jul2004,22
Australia,Japan,GentleGlow Baby Face Wash,Jul2004,96
Australia,Japan,GentleGlow Face Cleanser,Jul2004,197
Australia,Japan,LittleLullaby Diaper Liners,Jul2004,9
Australia,Japan,PurePore Toner,Jul2004,42
Australia,Japan,SoothingSerenity Air Freshener,Jul2004,355
Australia,Japan,SoothingSerenity Baby Rub,Jul2004,89
Australia,France,BriteBite Toothbrush,Jul2004,491
Australia,France,CalmingClean Bath Time Wash,Jul2004,134
Australia,France,CalmingClean Diaper Rash Cream,Jul2004,425
Australia,France,CleanSlate Mouthwash,Jul2004,578
Australia,France,CleanSlate Stain Remover,Jul2004,549
Australia,France,DailyDazzle Toothpaste,Jul2004,214
Australia,France,EasyWash Laundry Detergent for Babies,Jul2004,120
Australia,France,FreshFusion Diaper Rash Remedy,Jul2004,153
Australia,France,FreshFusion Hair Mask,Jul2004,398
Australia,France,GentleGlow Baby Face Wash,Jul2004,648
Australia,France,GentleGlow Face Cleanser,Jul2004,301
Australia,France,GentleGlow Face Lotion,Jul2004,368
Australia,France,GentleGlow Pet Grooming Kit,Jul2004,342
Australia,France,LittleLullaby Diaper Cream,Jul2004,55
Australia,France,LittleLullaby Diaper Liners,Jul2004,596
Australia,France,MorningMist Deodorant,Jul2004,37
Australia,France,PurePore Sanitary Belt,Jul2004,401
Australia,France,PurePore Toner,Jul2004,697
Australia,France,Purezza Body Wash,Jul2004,175
Australia,France,RadiantRose Baby Massage Oil,Jul2004,250
Australia,France,RadiantRose Glass Cleaner,Jul2004,262
Australia,France,RadiantRover Pet Conditioner,Jul2004,547
Australia,France,Refreshing Rose Body Oil,Jul2004,189
Australia,France,SilkSmooth Exfoliating Scrub,Jul2004,798
Australia,France,SilkySkin Baby Cream,Jul2004,193
Australia,France,SilkySkin Baby Moisturizer,Jul2004,8
Australia,France,SmellSational Baby Room Spray,Jul2004,225
Australia,France,SmileShield Whitening Strips,Jul2004,163
Australia,France,SoftStep Baby Shampoo,Jul2004,370
Australia,France,SoothingSerenity Air Freshener,Jul2004,823
Australia,France,SoothingSerenity Baby Rub,Jul2004,524
Australia,France,SoothingSoft Fabric Softener,Jul2004,200
Brazil,France,BrightBreeze Baby Sunscreen Stick,Jul2004,543
Brazil,France,BrightBreeze Insect Repellent,Jul2004,159
Brazil,France,BrightBreeze Period Pain Relief,Jul2004,510
Brazil,France,BrightBreeze Window Cleaner,Jul2004,38
Brazil,France,CalmingClean Diaper Rash Cream,Jul2004,416
Brazil,France,CalmingClean Dog Brush,Jul2004,187
Brazil,France,DentalDefense Toothpaste,Jul2004,139
Brazil,France,EasyWash Laundry Detergent,Jul2004,186
Brazil,France,EasyWash Laundry Detergent for Delicates,Jul2004,152
Brazil,France,EasyWash Pet Laundry Detergent,Jul2004,15
Brazil,France,FreshFusion Detergent,Jul2004,112
Brazil,France,FreshFusion Mouth Rinse,Jul2004,56
Brazil,France,FreshStart Toothpaste,Jul2004,294
Brazil,France,Hydrating Honey Body Lotion,Jul2004,694
Brazil,France,OralEase Plus Toothbrush,Jul2004,73
Brazil,France,RadiantRinse Color Protector,Jul2004,272
Brazil,France,SilkSmooth Exfoliating Scrub,Jul2004,4
Brazil,France,SmellSational Intimate Spray,Jul2004,419
Brazil,France,SmilesSoPure Waterpik,Jul2004,52
Brazil,France,SmoothOperator Shaving Gel,Jul2004,137
Brazil,France,SoftStep Shaving Cream,Jul2004,189
Brazil,France,SoothingPaws Cat Lotion,Jul2004,119
Brazil,France,SunShield SPF 50 Lotion,Jul2004,30
Brazil,Japan,BrightBreeze Baby Sunscreen Stick,Jul2004,135
Brazil,Japan,BrightBreeze Period Pain Relief,Jul2004,8
Brazil,Japan,CalmingClean Diaper Rash Cream,Jul2004,365
Brazil,Japan,PurePore Toner,Jul2004,43
Brazil,Japan,SilkSmooth Exfoliating Scrub,Jul2004,244
Brazil,Japan,SoothingSerenity Air Freshener,Jul2004,11
Brazil,United Kingdom,CalmingClean Diaper Rash Cream,Jul2004,24
Brazil,United Kingdom,SoothingSerenity Air Freshener,Jul2004,12
India,France,CleanSkin Acne Treatment,Jul2004,163
India,France,CleanSmile Floss Picks,Jul2004,74
India,France,LuminousLip Care,Jul2004,62
India,France,LuminousLocks Shampoo,Jul2004,133
India,France,SoftStep Shaving Cream for Women,Jul2004,42
Egypt,France,FreshFusion All-Purpose Cleaner,Jul2004,285
Egypt,France,SoothingSerenity Hand Sanitizer,Jul2004,441
Italy,France,FreshFusion All-Purpose Cleaner,Jul2004,432
Italy,Japan,FreshFusion All-Purpose Cleaner,Jul2004,55
Japan,France,OralEase Gel,Jul2004,113
Australia,Japan,BreatheEasy Inhalant,Sep2004,142
Australia,Japan,CleanSlate Stain Remover,Sep2004,7
Australia,Japan,GentleGlow Baby Face Wash,Sep2004,111
Australia,Japan,GentleGlow Face Cleanser,Sep2004,163
Australia,Japan,LittleLullaby Diaper Liners,Sep2004,1
Australia,Japan,PurePore Toner,Sep2004,89
Australia,Japan,SoothingSerenity Air Freshener,Sep2004,345
Australia,Japan,SoothingSerenity Baby Rub,Sep2004,63
Australia,France,BriteBite Toothbrush,Sep2004,570
Australia,France,CalmingClean Bath Time Wash,Sep2004,126
Australia,France,CalmingClean Diaper Rash Cream,Sep2004,427
Australia,France,CleanSlate Mouthwash,Sep2004,504
Australia,France,CleanSlate Stain Remover,Sep2004,548
Australia,France,DailyDazzle Toothpaste,Sep2004,182
Australia,France,EasyWash Laundry Detergent for Babies,Sep2004,125
Australia,France,FreshFusion Diaper Rash Remedy,Sep2004,161
Australia,France,FreshFusion Hair Mask,Sep2004,383
Australia,France,GentleGlow Baby Face Wash,Sep2004,650
Australia,France,GentleGlow Face Cleanser,Sep2004,288
Australia,France,GentleGlow Face Lotion,Sep2004,332
Australia,France,GentleGlow Pet Grooming Kit,Sep2004,294
Australia,France,LittleLullaby Diaper Cream,Sep2004,41
Australia,France,LittleLullaby Diaper Liners,Sep2004,615
Australia,France,MorningMist Deodorant,Sep2004,43
Australia,France,PurePore Sanitary Belt,Sep2004,430
Australia,France,PurePore Toner,Sep2004,658
Australia,France,Purezza Body Wash,Sep2004,124
Australia,France,RadiantRose Baby Massage Oil,Sep2004,290
Australia,France,RadiantRose Glass Cleaner,Sep2004,301
Australia,France,RadiantRover Pet Conditioner,Sep2004,589
Australia,France,Refreshing Rose Body Oil,Sep2004,183
Australia,France,SilkSmooth Exfoliating Scrub,Sep2004,772
Australia,France,SilkySkin Baby Cream,Sep2004,173
Australia,France,SilkySkin Baby Moisturizer,Sep2004,11
Australia,France,SmellSational Baby Room Spray,Sep2004,277
Australia,France,SmileShield Whitening Strips,Sep2004,121
Australia,France,SoftStep Baby Shampoo,Sep2004,398
Australia,France,SoothingSerenity Air Freshener,Sep2004,721
Australia,France,SoothingSerenity Baby Rub,Sep2004,515
Australia,France,SoothingSoft Fabric Softener,Sep2004,183
Brazil,France,BrightBreeze Baby Sunscreen Stick,Sep2004,524
Brazil,France,BrightBreeze Insect Repellent,Sep2004,141
Brazil,France,BrightBreeze Period Pain Relief,Sep2004,508
Brazil,France,BrightBreeze Window Cleaner,Sep2004,45
Brazil,France,CalmingClean Diaper Rash Cream,Sep2004,409
Brazil,France,CalmingClean Dog Brush,Sep2004,248
Brazil,France,DentalDefense Toothpaste,Sep2004,162
Brazil,France,EasyWash Laundry Detergent,Sep2004,198
Brazil,France,EasyWash Laundry Detergent for Delicates,Sep2004,93
Brazil,France,FreshFusion Detergent,Sep2004,86
Brazil,France,FreshFusion Mouth Rinse,Sep2004,36
Brazil,France,FreshStart Toothpaste,Sep2004,286
Brazil,France,Hydrating Honey Body Lotion,Sep2004,781
Brazil,France,OralEase Plus Toothbrush,Sep2004,119
Brazil,France,PurePaw Dog Shampoo,Sep2004,33
Brazil,France,PurePore Insect Repellent Spray,Sep2004,19
Brazil,France,RadiantRinse Color Protector,Sep2004,242
Brazil,France,SilkSmooth Exfoliating Scrub,Sep2004,6
Brazil,France,SmellSational Intimate Spray,Sep2004,418
Brazil,France,SmilesSoPure Waterpik,Sep2004,59
Brazil,France,SmoothOperator Shaving Gel,Sep2004,127
Brazil,France,SoftStep Shaving Cream,Sep2004,196
Brazil,France,SoothingPaws Cat Lotion,Sep2004,139
Brazil,France,SunShield SPF 50 Lotion,Sep2004,20
Brazil,Japan,BrightBreeze Baby Sunscreen Stick,Sep2004,132
Brazil,Japan,CalmingClean Diaper Rash Cream,Sep2004,353
Brazil,Japan,SilkSmooth Exfoliating Scrub,Sep2004,204
Brazil,United Kingdom,CalmingClean Diaper Rash Cream,Sep2004,21
Egypt,France,BrightBreeze Period Pain Relief,Sep2004,87
Egypt,France,FreshFusion All-Purpose Cleaner,Sep2004,291
Egypt,France,SoothingSerenity Hand Sanitizer,Sep2004,300
Egypt,Japan,BrightBreeze Period Pain Relief,Sep2004,51
India,France,CleanSkin Acne Treatment,Sep2004,118
India,France,CleanSmile Floss Picks,Sep2004,95
India,France,LuminousLip Care,Sep2004,61
India,France,LuminousLocks Shampoo,Sep2004,128
India,France,SoftStep Shaving Cream for Women,Sep2004,59
Italy,France,FreshFusion All-Purpose Cleaner,Sep2004,373
Italy,Japan,FreshFusion All-Purpose Cleaner,Sep2004,84
Japan,France,OralEase Gel,Sep2004,115
Australia,Japan,BreatheEasy Inhalant,Jun2004,105
Australia,Japan,CleanSlate Mouthwash,Jun2004,22
Australia,Japan,CleanSlate Stain Remover,Jun2004,10
Australia,Japan,GentleGlow Baby Face Wash,Jun2004,87
Australia,Japan,GentleGlow Face Cleanser,Jun2004,184
Australia,Japan,PurePore Toner,Jun2004,86
Australia,Japan,SoothingSerenity Air Freshener,Jun2004,297
Australia,Japan,SoothingSerenity Baby Rub,Jun2004,75
Australia,France,BriteBite Toothbrush,Jun2004,492
Australia,France,CalmingClean Bath Time Wash,Jun2004,115
Australia,France,CalmingClean Diaper Rash Cream,Jun2004,456
Australia,France,CleanSlate Mouthwash,Jun2004,583
Australia,France,CleanSlate Stain Remover,Jun2004,552
Australia,France,DailyDazzle Toothpaste,Jun2004,272
Australia,France,EasyWash Laundry Detergent for Babies,Jun2004,132
Australia,France,FreshFusion Diaper Rash Remedy,Jun2004,153
Australia,France,FreshFusion Hair Mask,Jun2004,447
Australia,France,GentleGlow Baby Face Wash,Jun2004,650
Australia,France,GentleGlow Face Cleanser,Jun2004,313
Australia,France,GentleGlow Face Lotion,Jun2004,353
Australia,France,GentleGlow Pet Grooming Kit,Jun2004,377
Australia,France,LittleLullaby Diaper Cream,Jun2004,74
Australia,France,LittleLullaby Diaper Liners,Jun2004,576
Australia,France,MorningMist Deodorant,Jun2004,48
Australia,France,PurePore Sanitary Belt,Jun2004,384
Australia,France,PurePore Toner,Jun2004,651
Australia,France,Purezza Body Wash,Jun2004,153
Australia,France,RadiantRose Baby Massage Oil,Jun2004,243
Australia,France,RadiantRose Glass Cleaner,Jun2004,366
Australia,France,RadiantRover Pet Conditioner,Jun2004,497
Australia,France,Refreshing Rose Body Oil,Jun2004,167
Australia,France,SilkSmooth Exfoliating Scrub,Jun2004,722
Australia,France,SilkySkin Baby Cream,Jun2004,130
Australia,France,SilkySkin Baby Moisturizer,Jun2004,13
Australia,France,SmellSational Baby Room Spray,Jun2004,296
Australia,France,SmileShield Whitening Strips,Jun2004,150
Australia,France,SoftStep Baby Shampoo,Jun2004,398
Australia,France,SoothingSerenity Air Freshener,Jun2004,745
Australia,France,SoothingSerenity Baby Rub,Jun2004,479
Australia,France,SoothingSoft Fabric Softener,Jun2004,199
Brazil,France,BrightBreeze Baby Sunscreen Stick,Jun2004,465
Brazil,France,BrightBreeze Insect Repellent,Jun2004,158
Brazil,France,BrightBreeze Period Pain Relief,Jun2004,515
Brazil,France,BrightBreeze Window Cleaner,Jun2004,53
Brazil,France,CalmingClean Diaper Rash Cream,Jun2004,452
Brazil,France,CalmingClean Dog Brush,Jun2004,235
Brazil,France,DentalDefense Toothpaste,Jun2004,167
Brazil,France,EasyWash Laundry Detergent,Jun2004,181
Brazil,France,EasyWash Laundry Detergent for Delicates,Jun2004,118
Brazil,France,FreshFusion Detergent,Jun2004,75
Brazil,France,FreshFusion Mouth Rinse,Jun2004,43
Brazil,France,FreshStart Toothpaste,Jun2004,314
Brazil,France,Hydrating Honey Body Lotion,Jun2004,769
Brazil,France,OralEase Plus Toothbrush,Jun2004,73
Brazil,France,PurePaw Dog Shampoo,Jun2004,31
Brazil,France,RadiantRinse Color Protector,Jun2004,269
Brazil,France,SilkSmooth Exfoliating Scrub,Jun2004,35
Brazil,France,SmellSational Intimate Spray,Jun2004,377
Brazil,France,SmilesSoPure Waterpik,Jun2004,41
Brazil,France,SmoothOperator Shaving Gel,Jun2004,108
Brazil,France,SoftStep Shaving Cream,Jun2004,196
Brazil,France,SoothingPaws Cat Lotion,Jun2004,140
Brazil,France,SunShield SPF 50 Lotion,Jun2004,22
Brazil,Japan,BrightBreeze Baby Sunscreen Stick,Jun2004,80
Brazil,Japan,CalmingClean Diaper Rash Cream,Jun2004,348
Brazil,Japan,PurePore Toner,Jun2004,8
Brazil,Japan,SilkSmooth Exfoliating Scrub,Jun2004,242
Brazil,United Kingdom,CalmingClean Diaper Rash Cream,Jun2004,28
Egypt,France,BrightBreeze Period Pain Relief,Jun2004,167
Egypt,France,FreshFusion All-Purpose Cleaner,Jun2004,304
Egypt,France,SoothingSerenity Hand Sanitizer,Jun2004,282
Egypt,Japan,BrightBreeze Period Pain Relief,Jun2004,62
India,France,CleanSkin Acne Treatment,Jun2004,127
India,France,CleanSmile Floss Picks,Jun2004,106
India,France,LuminousLip Care,Jun2004,71
India,France,LuminousLocks Shampoo,Jun2004,136
India,France,SoftStep Shaving Cream for Women,Jun2004,88
India,France,SoothingSerenity Scalp Treatment,Jun2004,10
Italy,France,FreshFusion All-Purpose Cleaner,Jun2004,312
Japan,France,OralEase Gel,Jun2004,53
Australia,Japan,BreatheEasy Inhalant,Dec2004,121
Australia,Japan,CleanSlate Mouthwash,Dec2004,26
Australia,Japan,GentleGlow Baby Face Wash,Dec2004,104
Australia,Japan,GentleGlow Face Cleanser,Dec2004,93
Australia,Japan,PurePore Toner,Dec2004,75
Australia,Japan,SilkSmooth Exfoliating Scrub,Dec2004,25
Australia,Japan,SoothingSerenity Air Freshener,Dec2004,306
Australia,Japan,SoothingSerenity Baby Rub,Dec2004,91
Australia,France,BriteBite Toothbrush,Dec2004,526
Australia,France,CalmingClean Bath Time Wash,Dec2004,145
Australia,France,CalmingClean Diaper Rash Cream,Dec2004,407
Australia,France,CleanSlate Mouthwash,Dec2004,552
Australia,France,CleanSlate Stain Remover,Dec2004,501
Australia,France,DailyDazzle Toothpaste,Dec2004,247
Australia,France,EasyWash Laundry Detergent for Babies,Dec2004,128
Australia,France,FreshFusion Diaper Rash Remedy,Dec2004,169
Australia,France,FreshFusion Hair Mask,Dec2004,414
Australia,France,GentleGlow Baby Face Wash,Dec2004,637
Australia,France,GentleGlow Face Cleanser,Dec2004,272
Australia,France,GentleGlow Face Lotion,Dec2004,379
Australia,France,GentleGlow Pet Grooming Kit,Dec2004,333
Australia,France,LittleLullaby Diaper Cream,Dec2004,95
Australia,France,LittleLullaby Diaper Liners,Dec2004,614
Australia,France,MorningMist Deodorant,Dec2004,54
Australia,France,PurePore Sanitary Belt,Dec2004,416
Australia,France,PurePore Toner,Dec2004,673
Australia,France,Purezza Body Wash,Dec2004,178
Australia,France,RadiantRose Baby Massage Oil,Dec2004,285
Australia,France,RadiantRose Glass Cleaner,Dec2004,301
Australia,France,RadiantRover Pet Conditioner,Dec2004,588
Australia,France,Refreshing Rose Body Oil,Dec2004,185
Australia,France,SilkSmooth Exfoliating Scrub,Dec2004,705
Australia,France,SilkySkin Baby Cream,Dec2004,224
Australia,France,SmellSational Baby Room Spray,Dec2004,327
Australia,France,SmileShield Whitening Strips,Dec2004,158
Australia,France,SoftStep Baby Shampoo,Dec2004,493
Australia,France,SoothingSerenity Air Freshener,Dec2004,707
Australia,France,SoothingSerenity Baby Rub,Dec2004,524
Australia,France,SoothingSoft Fabric Softener,Dec2004,188
Brazil,France,BrightBreeze Baby Sunscreen Stick,Dec2004,527
Brazil,France,BrightBreeze Insect Repellent,Dec2004,149
Brazil,France,BrightBreeze Period Pain Relief,Dec2004,572
Brazil,France,BrightBreeze Window Cleaner,Dec2004,63
Brazil,France,CalmingClean Diaper Rash Cream,Dec2004,413
Brazil,France,CalmingClean Dog Brush,Dec2004,199
Brazil,France,DentalDefense Toothpaste,Dec2004,143
Brazil,France,EasyWash Laundry Detergent,Dec2004,116
Brazil,France,EasyWash Laundry Detergent for Delicates,Dec2004,128
Brazil,France,EasyWash Pet Laundry Detergent,Dec2004,26
Brazil,France,FreshFusion Detergent,Dec2004,87
Brazil,France,FreshFusion Mouth Rinse,Dec2004,24
Brazil,France,FreshStart Toothpaste,Dec2004,257
Brazil,France,Hydrating Honey Body Lotion,Dec2004,736
Brazil,France,MorningBreeze Gum Care,Dec2004,18
Brazil,France,OralEase Plus Toothbrush,Dec2004,21
Brazil,France,PurePaw Dog Shampoo,Dec2004,12
Brazil,France,PurePore Insect Repellent Spray,Dec2004,30
Brazil,France,RadiantRinse Color Protector,Dec2004,267
Brazil,France,SmellSational Intimate Spray,Dec2004,458
Brazil,France,SmilesSoPure Waterpik,Dec2004,43
Brazil,France,SmoothOperator Shaving Gel,Dec2004,141
Brazil,France,SoftStep Shaving Cream,Dec2004,171
Brazil,France,SoothingPaws Cat Lotion,Dec2004,126
Brazil,France,SunShield SPF 50 Lotion,Dec2004,17
Brazil,Japan,BrightBreeze Baby Sunscreen Stick,Dec2004,109
Brazil,Japan,BrightBreeze Period Pain Relief,Dec2004,1
Brazil,Japan,CalmingClean Diaper Rash Cream,Dec2004,415
Brazil,Japan,PurePore Toner,Dec2004,28
Brazil,Japan,SilkSmooth Exfoliating Scrub,Dec2004,154
Brazil,United Kingdom,CalmingClean Diaper Rash Cream,Dec2004,60
Egypt,Japan,BrightBreeze Period Pain Relief,Dec2004,31
Egypt,France,FreshFusion All-Purpose Cleaner,Dec2004,337
Egypt,France,SoothingSerenity Hand Sanitizer,Dec2004,409
India,France,CleanSkin Acne Treatment,Dec2004,190
India,France,CleanSmile Floss Picks,Dec2004,50
India,France,LuminousLip Care,Dec2004,57
India,France,LuminousLocks Shampoo,Dec2004,111
India,France,SoftStep Shaving Cream for Women,Dec2004,68
Italy,France,FreshFusion All-Purpose Cleaner,Dec2004,207
Japan,France,OralEase Gel,Dec2004,83
