Country,Product,Month,Quantity
Australia,MorningMint,Feb2004,822
Australia,BriteBite Toothbrush,Feb2004,1131
Australia,BriteBite Toothbrush,Mar2004,1083
Australia,BriteBite Toothbrush,Apr2004,1016
Australia,BriteBite Toothbrush,May2004,1032
Australia,BriteBite Toothbrush,Jul2004,1044
Australia,BriteBite Toothbrush,Aug2004,1124
Australia,BriteBite Toothbrush,Sep2004,1030
Australia,BriteBite Toothbrush,Oct2004,1176
Australia,BriteBite Toothbrush,Nov2004,1047
Australia,BriteBite Toothbrush,Dec2004,1070
Australia,CleanSlate Mouthwash,Jan2004,1631
Australia,CleanSlate Mouthwash,Feb2004,1756
Australia,CleanSlate Mouthwash,Mar2004,1595
Australia,CleanSlate Mouthwash,Apr2004,1703
Australia,CleanSlate Mouthwash,Jun2004,1644
Australia,CleanSlate Mouthwash,Jul2004,1713
Australia,CleanSlate Mouthwash,Aug2004,1671
Australia,CleanSlate Mouthwash,Sep2004,1528
Australia,CleanSlate Mouthwash,Oct2004,1492
Australia,CleanSlate Mouthwash,Nov2004,1700
Australia,CleanSlate Mouthwash,Dec2004,1886
Australia,DailyDazzle Toothpaste,Jan2004,645
Australia,DailyDazzle Toothpaste,Feb2004,700
Australia,DailyDazzle Toothpaste,Mar2004,656
Australia,DailyDazzle Toothpaste,Apr2004,713
Australia,DailyDazzle Toothpaste,May2004,733
Australia,DailyDazzle Toothpaste,Jun2004,710
Australia,DailyDazzle Toothpaste,Aug2004,706
Australia,DailyDazzle Toothpaste,Sep2004,705
Australia,DailyDazzle Toothpaste,Oct2004,704
Australia,DailyDazzle Toothpaste,Dec2004,685
Australia,BreatheEasy Inhalant,Jan2004,1867
Australia,BreatheEasy Inhalant,Feb2004,1675
Australia,BreatheEasy Inhalant,Mar2004,1721
Australia,BreatheEasy Inhalant,Apr2004,1957
Australia,BreatheEasy Inhalant,May2004,1904
Australia,BreatheEasy Inhalant,Jun2004,1928
Australia,BreatheEasy Inhalant,Jul2004,1789
Australia,BreatheEasy Inhalant,Aug2004,1827
Australia,BreatheEasy Inhalant,Sep2004,1929
Australia,BreatheEasy Inhalant,Oct2004,1652
Australia,BreatheEasy Inhalant,Nov2004,2034
Australia,BreatheEasy Inhalant,Dec2004,1699
Australia,FreshFix Mouthwash,Jan2004,621
Australia,FreshFix Mouthwash,Feb2004,675
Australia,FreshFix Mouthwash,Mar2004,625
Australia,FreshFix Mouthwash,Apr2004,561
Australia,FreshFix Mouthwash,May2004,651
Australia,FreshFix Mouthwash,Jun2004,621
Australia,FreshFix Mouthwash,Jul2004,621
Australia,FreshFix Mouthwash,Aug2004,639
Australia,FreshFix Mouthwash,Sep2004,582
Australia,FreshFix Mouthwash,Oct2004,618
Australia,FreshFix Mouthwash,Dec2004,667
Australia,SparklingGlow Toothpaste,Jan2004,1324
Australia,SparklingGlow Toothpaste,Apr2004,45787
Australia,SparklingGlow Toothpaste,May2004,1202
Australia,SparklingGlow Toothpaste,Sep2004,1321
Australia,SparklingGlow Toothpaste,Dec2004,1231
Australia,Purezza Body Wash,Jan2004,1506
Australia,GentleGlow Face Lotion,Jan2004,1776
Australia,GentleGlow Face Lotion,Feb2004,1773
Australia,GentleGlow Face Lotion,Mar2004,59
Australia,GentleGlow Face Lotion,Apr2004,1885
Australia,GentleGlow Face Lotion,May2004,1628
Australia,GentleGlow Face Lotion,Jun2004,1802
Australia,GentleGlow Face Lotion,Jul2004,1938
Australia,GentleGlow Face Lotion,Aug2004,1834
Australia,GentleGlow Face Lotion,Sep2004,1983
Australia,GentleGlow Face Lotion,Oct2004,2011
Australia,GentleGlow Face Lotion,Dec2004,1918
Australia,SilkSmooth Exfoliating Scrub,Jan2004,722
Australia,SilkSmooth Exfoliating Scrub,Jul2004,797
Australia,SilkSmooth Exfoliating Scrub,Nov2004,763
Australia,Refreshing Rose Body Oil,Mar2004,901
Australia,GentleGlow Face Cleanser,Jan2004,1088
Australia,GentleGlow Face Cleanser,Feb2004,1092
Australia,GentleGlow Face Cleanser,Mar2004,965
Australia,GentleGlow Face Cleanser,Apr2004,1053
Australia,GentleGlow Face Cleanser,May2004,1043
Australia,GentleGlow Face Cleanser,Jul2004,1108
Australia,GentleGlow Face Cleanser,Aug2004,1094
Australia,GentleGlow Face Cleanser,Sep2004,1044
Australia,GentleGlow Face Cleanser,Oct2004,1026
Australia,GentleGlow Face Cleanser,Nov2004,1023
Australia,GentleGlow Face Cleanser,Dec2004,1014
Australia,PurePore Toner,Jan2004,827
Australia,PurePore Toner,Feb2004,684
Australia,PurePore Toner,Apr2004,833
Australia,PurePore Toner,May2004,823
Australia,PurePore Toner,Jun2004,733
Australia,PurePore Toner,Aug2004,832
Australia,PurePore Toner,Sep2004,795
Australia,PurePore Toner,Oct2004,786
Australia,PurePore Toner,Nov2004,821
Australia,PurePore Toner,Dec2004,749
Australia,CleanSlate Stain Remover,Jan2004,958
Australia,CleanSlate Stain Remover,Feb2004,904
Australia,CleanSlate Stain Remover,Mar2004,975
Australia,CleanSlate Stain Remover,Apr2004,1038
Australia,CleanSlate Stain Remover,May2004,913
Australia,CleanSlate Stain Remover,Jun2004,932
Australia,CleanSlate Stain Remover,Jul2004,1025
Australia,CleanSlate Stain Remover,Aug2004,998
Australia,CleanSlate Stain Remover,Sep2004,894
Australia,CleanSlate Stain Remover,Oct2004,937
Australia,CleanSlate Stain Remover,Nov2004,927
Australia,CleanSlate Stain Remover,Dec2004,916
Australia,LittleLullaby Diaper Cream,Jun2004,1483
Australia,CalmingClean Bath Time Wash,Jan2004,1096
Australia,CalmingClean Bath Time Wash,Feb2004,968
Australia,CalmingClean Bath Time Wash,Mar2004,1037
Australia,CalmingClean Bath Time Wash,Apr2004,1138
Australia,CalmingClean Bath Time Wash,May2004,1041
Australia,CalmingClean Bath Time Wash,Jun2004,1020
Australia,CalmingClean Bath Time Wash,Jul2004,1103
Australia,CalmingClean Bath Time Wash,Aug2004,1002
Australia,CalmingClean Bath Time Wash,Sep2004,1004
Australia,CalmingClean Bath Time Wash,Oct2004,1099
Australia,CalmingClean Bath Time Wash,Dec2004,1046
Australia,FreshFusion Diaper Rash Remedy,Jan2004,524
Australia,FreshFusion Diaper Rash Remedy,Feb2004,569
Australia,FreshFusion Diaper Rash Remedy,Mar2004,610
Australia,FreshFusion Diaper Rash Remedy,Apr2004,545
Australia,FreshFusion Diaper Rash Remedy,May2004,564
Australia,FreshFusion Diaper Rash Remedy,Jun2004,532
Australia,FreshFusion Diaper Rash Remedy,Jul2004,500
Australia,FreshFusion Diaper Rash Remedy,Aug2004,536
Australia,FreshFusion Diaper Rash Remedy,Sep2004,558
Australia,FreshFusion Diaper Rash Remedy,Oct2004,552
Australia,FreshFusion Diaper Rash Remedy,Nov2004,531
Australia,LittleLullaby Diaper Liners,Feb2004,585
Australia,LittleLullaby Diaper Liners,Mar2004,625
Australia,LittleLullaby Diaper Liners,Jul2004,635
Australia,LittleLullaby Diaper Liners,Aug2004,598
Australia,LittleLullaby Diaper Liners,Oct2004,679
Australia,LittleLullaby Diaper Liners,Nov2004,41482
Australia,SoothingSerenity Baby Rub,Jan2004,1227
Australia,SoothingSerenity Baby Rub,Feb2004,1272
Australia,SoothingSerenity Baby Rub,Mar2004,1238
Australia,SoothingSerenity Baby Rub,Jun2004,1287
Australia,SoothingSerenity Baby Rub,Jul2004,1302
Australia,SoothingSerenity Baby Rub,Aug2004,1271
Australia,SoothingSerenity Baby Rub,Sep2004,1112
Australia,SoothingSerenity Baby Rub,Nov2004,44087
Australia,CalmingClean Diaper Rash Cream,Jan2004,548
Australia,CalmingClean Diaper Rash Cream,Feb2004,585
Australia,CalmingClean Diaper Rash Cream,Mar2004,548
Australia,CalmingClean Diaper Rash Cream,Apr2004,541
Australia,CalmingClean Diaper Rash Cream,May2004,499
Australia,CalmingClean Diaper Rash Cream,Jun2004,520
Australia,CalmingClean Diaper Rash Cream,Jul2004,482
Australia,CalmingClean Diaper Rash Cream,Aug2004,457
Australia,CalmingClean Diaper Rash Cream,Sep2004,482
Australia,CalmingClean Diaper Rash Cream,Oct2004,511
Australia,CalmingClean Diaper Rash Cream,Nov2004,477
Australia,CalmingClean Diaper Rash Cream,Dec2004,483
Australia,FreshFusion Baby Wipes,Jan2004,579
Australia,FreshFusion Baby Wipes,Feb2004,586
Australia,FreshFusion Baby Wipes,Mar2004,672
Australia,FreshFusion Baby Wipes,Apr2004,649
Australia,FreshFusion Baby Wipes,May2004,601
Australia,FreshFusion Baby Wipes,Jun2004,677
Australia,FreshFusion Baby Wipes,Jul2004,673
Australia,FreshFusion Baby Wipes,Aug2004,708
Australia,FreshFusion Baby Wipes,Sep2004,681
Australia,FreshFusion Baby Wipes,Oct2004,653
Australia,FreshFusion Baby Wipes,Dec2004,644
Australia,PurePore Baby Skincare Set,Oct2004,677
Australia,GentleGlow Baby Face Wash,Jan2004,1629
Australia,GentleGlow Baby Face Wash,Feb2004,1383
Australia,GentleGlow Baby Face Wash,Mar2004,1640
Australia,GentleGlow Baby Face Wash,Apr2004,1573
Australia,GentleGlow Baby Face Wash,May2004,1541
Australia,GentleGlow Baby Face Wash,Jun2004,1536
Australia,GentleGlow Baby Face Wash,Jul2004,1510
Australia,GentleGlow Baby Face Wash,Aug2004,1368
Australia,GentleGlow Baby Face Wash,Sep2004,1586
Australia,GentleGlow Baby Face Wash,Oct2004,1433
Australia,GentleGlow Baby Face Wash,Nov2004,1455
Australia,GentleGlow Baby Face Wash,Dec2004,1573
Australia,FreshFusion Hair Mask,Jan2004,1556
Australia,FreshFusion Hair Mask,Feb2004,232
Australia,FreshFusion Hair Mask,Mar2004,1547
Australia,FreshFusion Hair Mask,Apr2004,1646
Australia,FreshFusion Hair Mask,May2004,1569
Australia,FreshFusion Hair Mask,Jun2004,1614
Australia,FreshFusion Hair Mask,Jul2004,1548
Australia,FreshFusion Hair Mask,Aug2004,1483
Australia,FreshFusion Hair Mask,Sep2004,1602
Australia,FreshFusion Hair Mask,Oct2004,1184
Australia,FreshFusion Hair Mask,Dec2004,1638
Australia,PurePore Sanitary Belt,Mar2004,630
Australia,SoothingSerenity Air Freshener,Jan2004,1402
Australia,SoothingSerenity Air Freshener,Feb2004,1332
Australia,SoothingSerenity Air Freshener,Mar2004,1378
Australia,SoothingSerenity Air Freshener,Apr2004,1411
Australia,SoothingSerenity Air Freshener,May2004,1342
Australia,SoothingSerenity Air Freshener,Jun2004,1489
Australia,SoothingSerenity Air Freshener,Jul2004,1318
Australia,SoothingSerenity Air Freshener,Aug2004,1403
Australia,SoothingSerenity Air Freshener,Sep2004,1461
Australia,SoothingSerenity Air Freshener,Oct2004,1498
Australia,SoothingSerenity Air Freshener,Nov2004,1602
Australia,SoothingSerenity Air Freshener,Dec2004,1473
Australia,CalmingClean Trash Bags,Jan2004,1619
Australia,CalmingClean Trash Bags,Feb2004,1679
Australia,CalmingClean Trash Bags,Mar2004,1847
Australia,CalmingClean Trash Bags,Apr2004,1658
Australia,CalmingClean Trash Bags,May2004,1612
Australia,CalmingClean Trash Bags,Jun2004,1617
Australia,CalmingClean Trash Bags,Jul2004,1612
Australia,CalmingClean Trash Bags,Aug2004,749
Australia,CalmingClean Trash Bags,Sep2004,1699
Australia,CalmingClean Trash Bags,Oct2004,1648
Australia,CalmingClean Trash Bags,Dec2004,1642
Australia,RadiantRover Pet Conditioner,May2004,1489
Australia,FreshFusion Flea and Tick Spray,Jan2004,630
Australia,FreshFusion Flea and Tick Spray,Feb2004,597
Australia,FreshFusion Flea and Tick Spray,Mar2004,648
Australia,FreshFusion Flea and Tick Spray,Apr2004,682
Australia,FreshFusion Flea and Tick Spray,May2004,593
Australia,FreshFusion Flea and Tick Spray,Jun2004,654
Australia,FreshFusion Flea and Tick Spray,Jul2004,711
Australia,FreshFusion Flea and Tick Spray,Aug2004,700
Australia,FreshFusion Flea and Tick Spray,Sep2004,586
Australia,FreshFusion Flea and Tick Spray,Oct2004,664
Australia,FreshFusion Flea and Tick Spray,Nov2004,3776
Australia,FreshFusion Flea and Tick Spray,Dec2004,666
Australia,GentleGlow Pet Grooming Kit,May2004,526
Australia,GentleGlow Pet Grooming Kit,Jun2004,627
Australia,HydratingHoney Pet Wipes,Jun2004,924
Brazil,FreshStart Toothpaste,Mar2004,1606
Brazil,FreshStart Toothpaste,Jun2004,1855
Brazil,BriteBite Toothbrush,Jan2004,704
Brazil,BriteBite Toothbrush,Mar2004,640
Brazil,BriteBite Toothbrush,Apr2004,729
Brazil,BriteBite Toothbrush,Jun2004,635
Brazil,BriteBite Toothbrush,Jul2004,667
Brazil,BriteBite Toothbrush,Oct2004,8403
Brazil,BriteBite Toothbrush,Nov2004,648
Brazil,BriteBite Toothbrush,Dec2004,675
Brazil,CleanSlate Mouthwash,Jan2004,1040
Brazil,CleanSlate Mouthwash,Feb2004,1054
Brazil,CleanSlate Mouthwash,Mar2004,1157
Brazil,CleanSlate Mouthwash,Apr2004,1246
Brazil,CleanSlate Mouthwash,May2004,1083
Brazil,CleanSlate Mouthwash,Jun2004,22389
Brazil,CleanSlate Mouthwash,Jul2004,1027
Brazil,CleanSlate Mouthwash,Aug2004,1141
Brazil,CleanSlate Mouthwash,Sep2004,1048
Brazil,CleanSlate Mouthwash,Oct2004,1050
Brazil,CleanSlate Mouthwash,Nov2004,1687
Brazil,CleanSlate Mouthwash,Dec2004,1172
Brazil,BreathBliss Mints,Jan2004,1226
Brazil,BreathBliss Mints,Feb2004,1235
Brazil,BreathBliss Mints,Mar2004,1104
Brazil,BreathBliss Mints,Apr2004,1440
Brazil,BreathBliss Mints,May2004,1257
Brazil,BreathBliss Mints,Jun2004,1158
Brazil,BreathBliss Mints,Jul2004,1189
Brazil,BreathBliss Mints,Aug2004,1313
Brazil,BreathBliss Mints,Sep2004,1017
Brazil,BreathBliss Mints,Oct2004,1267
Brazil,BreathBliss Mints,Nov2004,1299
Brazil,BreathBliss Mints,Dec2004,1243
Brazil,DentalDefense Toothpaste,Feb2004,631
Brazil,DentalDefense Toothpaste,May2004,612
Brazil,DentalDefense Toothpaste,Jun2004,623
Brazil,DentalDefense Toothpaste,Jul2004,672
Brazil,DentalDefense Toothpaste,Aug2004,636
Brazil,DentalDefense Toothpaste,Oct2004,592
Brazil,FreshFusion Mouth Rinse,May2004,830
Brazil,SmileSavvy Tooth Whitening Kit,Aug2004,1398
Brazil,MorningBreeze Gum Care,May2004,1188
Brazil,OralEase Plus Toothbrush,May2004,1329
Brazil,OralEase Plus Toothbrush,Aug2004,1281
Brazil,BreatheEasy Inhalant,Jan2004,770
Brazil,BreatheEasy Inhalant,Feb2004,757
Brazil,BreatheEasy Inhalant,Mar2004,737
Brazil,BreatheEasy Inhalant,Apr2004,743
Brazil,BreatheEasy Inhalant,May2004,872
Brazil,BreatheEasy Inhalant,Jun2004,766
Brazil,BreatheEasy Inhalant,Jul2004,756
Brazil,BreatheEasy Inhalant,Aug2004,741
Brazil,BreatheEasy Inhalant,Sep2004,733
Brazil,BreatheEasy Inhalant,Oct2004,845
Brazil,BreatheEasy Inhalant,Nov2004,805
Brazil,BreatheEasy Inhalant,Dec2004,794
Brazil,SparklingGlow Toothpaste,Jan2004,1544
Brazil,SparklingGlow Toothpaste,Feb2004,1501
Brazil,SparklingGlow Toothpaste,Apr2004,1464
Brazil,Purezza Body Wash,Jan2004,1438
Brazil,GentleGlow Face Lotion,Feb2004,803
Brazil,GentleGlow Face Lotion,Aug2004,648
Brazil,GentleGlow Face Lotion,Sep2004,752
Brazil,GentleGlow Face Lotion,Oct2004,847
Brazil,GentleGlow Face Lotion,Dec2004,752
Brazil,SilkSmooth Exfoliating Scrub,Jan2004,1524
Brazil,SilkSmooth Exfoliating Scrub,Jul2004,1532
Brazil,SilkSmooth Exfoliating Scrub,Nov2004,1577
Brazil,Brightening Body Wash,Jan2004,1670
Brazil,Brightening Body Wash,Feb2004,1692
Brazil,Brightening Body Wash,Mar2004,1781
Brazil,Brightening Body Wash,Apr2004,1691
Brazil,Brightening Body Wash,May2004,1632
Brazil,Brightening Body Wash,Jun2004,1854
Brazil,Brightening Body Wash,Jul2004,1615
Brazil,Brightening Body Wash,Aug2004,1665
Brazil,Brightening Body Wash,Sep2004,1611
Brazil,Brightening Body Wash,Oct2004,1697
Brazil,Brightening Body Wash,Nov2004,1718
Brazil,Brightening Body Wash,Dec2004,1723
Brazil,GentleGlow Face Cleanser,Jan2004,1106
Brazil,GentleGlow Face Cleanser,Jun2004,1068
Brazil,GentleGlow Face Cleanser,Sep2004,1051
Brazil,PurePore Toner,Jan2004,797
Brazil,PurePore Toner,Feb2004,778
Brazil,PurePore Toner,May2004,834
Brazil,PurePore Toner,Jun2004,768
Brazil,PurePore Toner,Sep2004,686
Brazil,PurePore Toner,Oct2004,826
Brazil,PurePore Toner,Nov2004,22334
Brazil,PurePore Toner,Dec2004,819
Brazil,MorningMist Deodorant,May2004,1399
Brazil,Hydrating Honey Body Lotion,Feb2004,1042
Brazil,Hydrating Honey Body Lotion,Mar2004,2044
Brazil,Hydrating Honey Body Lotion,Apr2004,1056
Brazil,Hydrating Honey Body Lotion,Jun2004,1086
Brazil,Hydrating Honey Body Lotion,Dec2004,1074
Brazil,FreshFold Fabric Refresher,May2004,613
Brazil,RadiantRinse Color Protector,Oct2004,813
Brazil,EasyWash Laundry Detergent,May2004,1106
Brazil,EasyWash Laundry Detergent,Oct2004,1026
Brazil,CalmingClean Bath Time Wash,Jan2004,929
Brazil,CalmingClean Bath Time Wash,Feb2004,971
Brazil,CalmingClean Bath Time Wash,Mar2004,833
Brazil,CalmingClean Bath Time Wash,Apr2004,33806
Brazil,CalmingClean Bath Time Wash,May2004,33442
Brazil,CalmingClean Bath Time Wash,Jun2004,855
Brazil,CalmingClean Bath Time Wash,Jul2004,1028
Brazil,CalmingClean Bath Time Wash,Aug2004,954
Brazil,CalmingClean Bath Time Wash,Sep2004,945
Brazil,CalmingClean Bath Time Wash,Oct2004,953
Brazil,CalmingClean Bath Time Wash,Dec2004,972
Brazil,FreshFusion Diaper Rash Remedy,Oct2004,541
Brazil,FreshFusion Diaper Rash Remedy,Dec2004,578
Brazil,BrightBreeze Insect Repellent,Jan2004,1381
Brazil,BrightBreeze Insect Repellent,Feb2004,1367
Brazil,BrightBreeze Insect Repellent,Mar2004,1369
Brazil,BrightBreeze Insect Repellent,Apr2004,1448
Brazil,BrightBreeze Insect Repellent,May2004,1481
Brazil,BrightBreeze Insect Repellent,Jun2004,1436
Brazil,BrightBreeze Insect Repellent,Jul2004,1519
Brazil,BrightBreeze Insect Repellent,Aug2004,1493
Brazil,BrightBreeze Insect Repellent,Sep2004,1310
Brazil,BrightBreeze Insect Repellent,Nov2004,1345
Brazil,BrightBreeze Insect Repellent,Dec2004,1477
Brazil,LittleLullaby Diaper Liners,Feb2004,2564
Brazil,LittleLullaby Diaper Liners,Mar2004,1868
Brazil,LittleLullaby Diaper Liners,Sep2004,1794
Brazil,LittleLullaby Diaper Liners,Oct2004,1844
Brazil,CalmingClean Diaper Rash Cream,Jan2004,1748
Brazil,CalmingClean Diaper Rash Cream,Feb2004,1858
Brazil,CalmingClean Diaper Rash Cream,Mar2004,1747
Brazil,CalmingClean Diaper Rash Cream,Apr2004,1727
Brazil,CalmingClean Diaper Rash Cream,May2004,1673
Brazil,CalmingClean Diaper Rash Cream,Jun2004,1705
Brazil,CalmingClean Diaper Rash Cream,Jul2004,1864
Brazil,CalmingClean Diaper Rash Cream,Sep2004,1707
Brazil,CalmingClean Diaper Rash Cream,Oct2004,1800
Brazil,CalmingClean Diaper Rash Cream,Nov2004,1567
Brazil,CalmingClean Diaper Rash Cream,Dec2004,1790
Brazil,GentleGlow Baby Face Wash,Jan2004,1083
Brazil,GentleGlow Baby Face Wash,Feb2004,1015
Brazil,GentleGlow Baby Face Wash,Mar2004,1197
Brazil,GentleGlow Baby Face Wash,Apr2004,1133
Brazil,GentleGlow Baby Face Wash,Jun2004,1029
Brazil,GentleGlow Baby Face Wash,Jul2004,1049
Brazil,GentleGlow Baby Face Wash,Sep2004,1053
Brazil,GentleGlow Baby Face Wash,Dec2004,1056
Brazil,BrightBreeze Baby Sunscreen Stick,Jan2004,1363
Brazil,BrightBreeze Baby Sunscreen Stick,Feb2004,1353
Brazil,BrightBreeze Baby Sunscreen Stick,Mar2004,1287
Brazil,BrightBreeze Baby Sunscreen Stick,Apr2004,1422
Brazil,BrightBreeze Baby Sunscreen Stick,May2004,1337
Brazil,BrightBreeze Baby Sunscreen Stick,Jun2004,1334
Brazil,BrightBreeze Baby Sunscreen Stick,Jul2004,1345
Brazil,BrightBreeze Baby Sunscreen Stick,Aug2004,1411
Brazil,BrightBreeze Baby Sunscreen Stick,Sep2004,1317
Brazil,BrightBreeze Baby Sunscreen Stick,Oct2004,1360
Brazil,BrightBreeze Baby Sunscreen Stick,Nov2004,1228
Brazil,BrightBreeze Baby Sunscreen Stick,Dec2004,1338
Brazil,CleanSlate Feminine Deodorant,May2004,1234
Brazil,CleanSlate Feminine Deodorant,Jul2004,1270
Brazil,BrightBreeze Period Pain Relief,Jan2004,628
Brazil,BrightBreeze Period Pain Relief,Feb2004,669
Brazil,BrightBreeze Period Pain Relief,Mar2004,671
Brazil,BrightBreeze Period Pain Relief,Apr2004,566
Brazil,BrightBreeze Period Pain Relief,Jun2004,631
Brazil,BrightBreeze Period Pain Relief,Jul2004,608
Brazil,BrightBreeze Period Pain Relief,Aug2004,631
Brazil,BrightBreeze Period Pain Relief,Sep2004,598
Brazil,BrightBreeze Period Pain Relief,Nov2004,624
Brazil,BrightBreeze Period Pain Relief,Dec2004,629
Brazil,SmellSational Intimate Spray,Apr2004,1634
Brazil,SmellSational Intimate Spray,Oct2004,1739
Brazil,SmellSational Intimate Spray,Nov2004,1593
Brazil,SoothingSerenity Air Freshener,Jan2004,1556
Brazil,SoothingSerenity Air Freshener,Feb2004,7329
Brazil,SoothingSerenity Air Freshener,Mar2004,1730
Brazil,SoothingSerenity Air Freshener,Apr2004,1757
Brazil,SoothingSerenity Air Freshener,May2004,1708
Brazil,SoothingSerenity Air Freshener,Jun2004,1525
Brazil,SoothingSerenity Air Freshener,Jul2004,1593
Brazil,SoothingSerenity Air Freshener,Aug2004,1701
Brazil,SoothingSerenity Air Freshener,Sep2004,1707
Brazil,SoothingSerenity Air Freshener,Oct2004,1757
Brazil,SoothingSerenity Air Freshener,Nov2004,1696
Brazil,SoothingSerenity Air Freshener,Dec2004,1569
Brazil,PurePore Insect Repellent Spray,Jan2004,1726
Brazil,PurePore Insect Repellent Spray,Mar2004,1696
Brazil,PurePore Insect Repellent Spray,Aug2004,1714
Brazil,PurePore Insect Repellent Spray,Dec2004,1795
Brazil,PurePaw Dog Shampoo,Mar2004,1784
Brazil,PurePaw Dog Shampoo,May2004,1584
Brazil,PurePaw Dog Shampoo,Oct2004,22324
Brazil,PurePaw Dog Shampoo,Dec2004,1742
Brazil,RadiantRover Pet Conditioner,May2004,1061
Brazil,EasyWash Pet Laundry Detergent,Oct2004,648
Brazil,CalmingClean Dog Brush,Feb2004,1416
Brazil,CalmingClean Dog Brush,Mar2004,1438
Brazil,CalmingClean Dog Brush,Apr2004,1294
Brazil,CalmingClean Dog Brush,Jun2004,1419
Brazil,CalmingClean Dog Brush,Jul2004,266
Brazil,CalmingClean Dog Brush,Aug2004,1273
Brazil,CalmingClean Dog Brush,Sep2004,3130
Brazil,CalmingClean Dog Brush,Oct2004,1421
Brazil,CalmingClean Dog Brush,Nov2004,4135
Brazil,CalmingClean Dog Brush,Dec2004,1423
Egypt,FreshStart Toothpaste,Mar2004,1194
Egypt,FreshStart Toothpaste,Apr2004,1255
Egypt,FreshStart Toothpaste,Jun2004,1126
Egypt,FreshStart Toothpaste,Aug2004,2843
Egypt,FreshStart Toothpaste,Dec2004,7393
Egypt,CleanSlate Mouthwash,Jan2004,1716
Egypt,CleanSlate Mouthwash,Jun2004,1623
Egypt,CleanSlate Mouthwash,Aug2004,16032
Egypt,BreathBliss Mints,Feb2004,36
Egypt,DentalDefense Toothpaste,Aug2004,898
Egypt,DentalDefense Toothpaste,Nov2004,7000
Egypt,SmileSavvy Tooth Whitening Kit,May2004,1322
Egypt,OralEase Plus Toothbrush,May2004,819
Egypt,BreatheEasy Inhalant,Jan2004,1856
Egypt,BreatheEasy Inhalant,Feb2004,1899
Egypt,BreatheEasy Inhalant,Mar2004,2017
Egypt,BreatheEasy Inhalant,Apr2004,1828
Egypt,BreatheEasy Inhalant,May2004,1699
Egypt,BreatheEasy Inhalant,Jun2004,1825
Egypt,BreatheEasy Inhalant,Jul2004,1936
Egypt,BreatheEasy Inhalant,Aug2004,1886
Egypt,BreatheEasy Inhalant,Sep2004,1996
Egypt,BreatheEasy Inhalant,Oct2004,2066
Egypt,BreatheEasy Inhalant,Nov2004,1800
Egypt,BreatheEasy Inhalant,Dec2004,2006
Egypt,GentleGlow Face Lotion,Jan2004,1008
Egypt,GentleGlow Face Lotion,Feb2004,881
Egypt,GentleGlow Face Lotion,Mar2004,944
Egypt,GentleGlow Face Lotion,Apr2004,36965
Egypt,GentleGlow Face Lotion,May2004,22400
Egypt,GentleGlow Face Lotion,Jun2004,1702
Egypt,GentleGlow Face Lotion,Jul2004,979
Egypt,GentleGlow Face Lotion,Aug2004,955
Egypt,GentleGlow Face Lotion,Sep2004,2312
Egypt,GentleGlow Face Lotion,Oct2004,913
Egypt,GentleGlow Face Lotion,Nov2004,7906
Egypt,GentleGlow Face Lotion,Dec2004,922
Egypt,SilkSmooth Exfoliating Scrub,Mar2004,1812
Egypt,SilkSmooth Exfoliating Scrub,Aug2004,1914
Egypt,SilkSmooth Exfoliating Scrub,Nov2004,2025
Egypt,Refreshing Rose Body Oil,Mar2004,1128
Egypt,GentleGlow Face Cleanser,Apr2004,1018
Egypt,GentleGlow Face Cleanser,Nov2004,9524
Egypt,PurePore Toner,Jan2004,2005
Egypt,PurePore Toner,Feb2004,2076
Egypt,PurePore Toner,Apr2004,1809
Egypt,PurePore Toner,May2004,2081
Egypt,PurePore Toner,Jun2004,1956
Egypt,PurePore Toner,Jul2004,2748
Egypt,PurePore Toner,Sep2004,1764
Egypt,PurePore Toner,Oct2004,5244
Egypt,PurePore Toner,Nov2004,1898
Egypt,PurePore Toner,Dec2004,1696
Egypt,MorningMist Deodorant,May2004,1420
Egypt,Hydrating Honey Body Lotion,Feb2004,806
Egypt,Hydrating Honey Body Lotion,Apr2004,945
Egypt,Hydrating Honey Body Lotion,May2004,5799
Egypt,Hydrating Honey Body Lotion,Jun2004,926
Egypt,Hydrating Honey Body Lotion,Aug2004,966
Egypt,Hydrating Honey Body Lotion,Nov2004,4075
Egypt,Hydrating Honey Body Lotion,Dec2004,2770
Egypt,Exfoliating Essentials Scrub,Jan2004,1340
Egypt,Exfoliating Essentials Scrub,Feb2004,1349
Egypt,Exfoliating Essentials Scrub,Mar2004,1324
Egypt,Exfoliating Essentials Scrub,Apr2004,1186
Egypt,Exfoliating Essentials Scrub,May2004,1165
Egypt,Exfoliating Essentials Scrub,Jun2004,1305
Egypt,Exfoliating Essentials Scrub,Jul2004,1230
Egypt,Exfoliating Essentials Scrub,Aug2004,1303
Egypt,Exfoliating Essentials Scrub,Sep2004,1336
Egypt,Exfoliating Essentials Scrub,Oct2004,1405
Egypt,Exfoliating Essentials Scrub,Dec2004,1382
Egypt,CleanSlate Stain Remover,Jan2004,1156
Egypt,CleanSlate Stain Remover,Feb2004,1117
Egypt,CleanSlate Stain Remover,Mar2004,1181
Egypt,CleanSlate Stain Remover,Apr2004,2551
Egypt,CleanSlate Stain Remover,May2004,1350
Egypt,CleanSlate Stain Remover,Jun2004,1201
Egypt,CleanSlate Stain Remover,Jul2004,1167
Egypt,CleanSlate Stain Remover,Aug2004,1224
Egypt,CleanSlate Stain Remover,Sep2004,1209
Egypt,CleanSlate Stain Remover,Oct2004,11611
Egypt,CleanSlate Stain Remover,Nov2004,1243
Egypt,CleanSlate Stain Remover,Dec2004,1237
Egypt,BrightBreeze Whitening Booster,Aug2004,593
Egypt,CalmingClean Bath Time Wash,Jan2004,1215
Egypt,CalmingClean Bath Time Wash,Feb2004,615
Egypt,CalmingClean Bath Time Wash,Mar2004,1652
Egypt,CalmingClean Bath Time Wash,Apr2004,637
Egypt,CalmingClean Bath Time Wash,Jun2004,636
Egypt,CalmingClean Bath Time Wash,Jul2004,659
Egypt,CalmingClean Bath Time Wash,Aug2004,646
Egypt,CalmingClean Bath Time Wash,Sep2004,639
Egypt,CalmingClean Bath Time Wash,Oct2004,685
Egypt,CalmingClean Bath Time Wash,Dec2004,593
Egypt,FreshFusion Diaper Rash Remedy,Oct2004,1986
Egypt,FreshFusion Diaper Rash Remedy,Dec2004,2068
Egypt,BrightBreeze Insect Repellent,Jan2004,985
Egypt,BrightBreeze Insect Repellent,Feb2004,975
Egypt,BrightBreeze Insect Repellent,Mar2004,1023
Egypt,BrightBreeze Insect Repellent,Apr2004,1741
Egypt,BrightBreeze Insect Repellent,May2004,1154
Egypt,BrightBreeze Insect Repellent,Jun2004,921
Egypt,BrightBreeze Insect Repellent,Jul2004,1068
Egypt,BrightBreeze Insect Repellent,Aug2004,1018
Egypt,BrightBreeze Insect Repellent,Sep2004,1051
Egypt,BrightBreeze Insect Repellent,Oct2004,1813
Egypt,BrightBreeze Insect Repellent,Nov2004,1074
Egypt,BrightBreeze Insect Repellent,Dec2004,1044
Egypt,LittleLullaby Diaper Liners,Feb2004,772
Egypt,LittleLullaby Diaper Liners,Mar2004,833
Egypt,LittleLullaby Diaper Liners,Jul2004,824
Egypt,LittleLullaby Diaper Liners,Aug2004,793
Egypt,LittleLullaby Diaper Liners,Sep2004,1320
Egypt,LittleLullaby Diaper Liners,Oct2004,854
Egypt,LittleLullaby Diaper Liners,Nov2004,808
Egypt,SoothingSerenity Baby Rub,Jan2004,1284
Egypt,SoothingSerenity Baby Rub,Feb2004,1305
Egypt,SoothingSerenity Baby Rub,Mar2004,1293
Egypt,SoothingSerenity Baby Rub,Jun2004,2297
Egypt,SoothingSerenity Baby Rub,Jul2004,1263
Egypt,SoothingSerenity Baby Rub,Aug2004,1301
Egypt,SoothingSerenity Baby Rub,Sep2004,1364
Egypt,SoothingSerenity Baby Rub,Nov2004,1310
Egypt,SoothingSerenity Baby Rub,Dec2004,1305
Egypt,GentleGlow Baby Face Wash,May2004,998
Egypt,GentleGlow Baby Face Wash,Jul2004,180
Egypt,GentleGlow Baby Face Wash,Sep2004,1749
Egypt,GentleGlow Baby Face Wash,Oct2004,3660
Egypt,BrightBreeze Baby Sunscreen Stick,Apr2004,1268
Egypt,BrightBreeze Baby Sunscreen Stick,Jun2004,2813
Egypt,FreshFusion Hair Mask,Oct2004,375
Egypt,BrightBreeze Period Pain Relief,Jan2004,1644
Egypt,BrightBreeze Period Pain Relief,Feb2004,1622
Egypt,BrightBreeze Period Pain Relief,Mar2004,1739
Egypt,BrightBreeze Period Pain Relief,Apr2004,1636
Egypt,BrightBreeze Period Pain Relief,May2004,1622
Egypt,BrightBreeze Period Pain Relief,Jun2004,1688
Egypt,BrightBreeze Period Pain Relief,Jul2004,1682
Egypt,BrightBreeze Period Pain Relief,Aug2004,1624
Egypt,BrightBreeze Period Pain Relief,Sep2004,1618
Egypt,BrightBreeze Period Pain Relief,Oct2004,1608
Egypt,BrightBreeze Period Pain Relief,Nov2004,1581
Egypt,BrightBreeze Period Pain Relief,Dec2004,1613
Egypt,FreshFusion All-Purpose Cleaner,Jan2004,283
Egypt,FreshFusion All-Purpose Cleaner,Feb2004,297
Egypt,FreshFusion All-Purpose Cleaner,Mar2004,317
Egypt,FreshFusion All-Purpose Cleaner,Apr2004,314
Egypt,FreshFusion All-Purpose Cleaner,May2004,289
Egypt,FreshFusion All-Purpose Cleaner,Jun2004,302
Egypt,FreshFusion All-Purpose Cleaner,Jul2004,302
Egypt,FreshFusion All-Purpose Cleaner,Aug2004,346
Egypt,FreshFusion All-Purpose Cleaner,Sep2004,317
Egypt,FreshFusion All-Purpose Cleaner,Oct2004,298
Egypt,FreshFusion All-Purpose Cleaner,Dec2004,317
Egypt,SoothingSerenity Air Freshener,Jan2004,757
Egypt,SoothingSerenity Air Freshener,Feb2004,790
Egypt,SoothingSerenity Air Freshener,Mar2004,800
Egypt,SoothingSerenity Air Freshener,Apr2004,812
Egypt,SoothingSerenity Air Freshener,May2004,856
Egypt,SoothingSerenity Air Freshener,Jun2004,6363
Egypt,SoothingSerenity Air Freshener,Jul2004,781
Egypt,SoothingSerenity Air Freshener,Aug2004,782
Egypt,SoothingSerenity Air Freshener,Sep2004,737
Egypt,SoothingSerenity Air Freshener,Oct2004,774
Egypt,SoothingSerenity Air Freshener,Dec2004,838
Egypt,PurePore Insect Repellent Spray,Jan2004,1384
Egypt,PurePore Insect Repellent Spray,Mar2004,1431
Egypt,PurePore Insect Repellent Spray,Apr2004,3650
Egypt,PurePore Insect Repellent Spray,May2004,3062
Egypt,PurePore Insect Repellent Spray,Jun2004,1256
Egypt,PurePore Insect Repellent Spray,Jul2004,1411
Egypt,PurePore Insect Repellent Spray,Aug2004,1324
Egypt,PurePore Insect Repellent Spray,Sep2004,1423
Egypt,PurePore Insect Repellent Spray,Oct2004,3129
Egypt,PurePore Insect Repellent Spray,Nov2004,6152
Egypt,PurePore Insect Repellent Spray,Dec2004,1528
Egypt,PurePaw Dog Shampoo,Feb2004,1653
Egypt,PurePaw Dog Shampoo,Apr2004,1904
Egypt,GentleGlow Pet Grooming Kit,Oct2004,330
Egypt,CalmingClean Dog Brush,Jan2004,14988
Egypt,CalmingClean Dog Brush,Feb2004,1807
Egypt,CalmingClean Dog Brush,Mar2004,1767
Egypt,CalmingClean Dog Brush,Apr2004,2887
Egypt,CalmingClean Dog Brush,May2004,3042
Egypt,CalmingClean Dog Brush,Jul2004,1770
Egypt,CalmingClean Dog Brush,Aug2004,1724
Egypt,CalmingClean Dog Brush,Oct2004,1885
Egypt,CalmingClean Dog Brush,Nov2004,2395
Egypt,CalmingClean Dog Brush,Dec2004,1612
France,BriteBite Toothbrush,Apr2004,1517
France,BriteBite Toothbrush,Aug2004,1411
France,BriteBite Toothbrush,Oct2004,1467
France,CleanSlate Mouthwash,Mar2004,3767
France,CleanSlate Mouthwash,Apr2004,3190
France,CleanSlate Mouthwash,Jul2004,8036
France,CleanSlate Mouthwash,Oct2004,1509
France,CleanSlate Mouthwash,Nov2004,3430
France,CleanSlate Mouthwash,Dec2004,1509
France,BreathBliss Mints,May2004,4487
France,BreathBliss Mints,Jun2004,1497
France,BreathBliss Mints,Jul2004,1592
France,BreathBliss Mints,Nov2004,1528
France,CleanSmile Floss Picks,Jul2004,1053
France,SilkSmooth Exfoliating Scrub,Jan2004,2071
France,SilkSmooth Exfoliating Scrub,Apr2004,1930
France,SilkSmooth Exfoliating Scrub,Jul2004,13008
France,SunShield SPF 50 Lotion,Aug2004,155
France,GentleGlow Face Cleanser,Apr2004,1399
France,GentleGlow Face Cleanser,Jul2004,700
France,GentleGlow Face Cleanser,Aug2004,667
France,PurePore Toner,May2004,1708
France,Hydrating Honey Body Lotion,Mar2004,1932
France,Hydrating Honey Body Lotion,Apr2004,3038
France,Hydrating Honey Body Lotion,Aug2004,2091
France,CleanSlate Stain Remover,Mar2004,1524
France,CleanSlate Stain Remover,Apr2004,15297
France,CleanSlate Stain Remover,Sep2004,1628
France,CalmingClean Bath Time Wash,Feb2004,509
France,CalmingClean Bath Time Wash,Mar2004,536
France,CalmingClean Bath Time Wash,Jun2004,520
France,CalmingClean Bath Time Wash,Dec2004,30549
France,BrightBreeze Insect Repellent,Jan2004,953
France,BrightBreeze Insect Repellent,Feb2004,781
France,BrightBreeze Insect Repellent,Mar2004,849
France,BrightBreeze Insect Repellent,Apr2004,896
France,BrightBreeze Insect Repellent,May2004,905
France,BrightBreeze Insect Repellent,Jun2004,336
France,BrightBreeze Insect Repellent,Aug2004,832
France,BrightBreeze Insect Repellent,Sep2004,16592
France,BrightBreeze Insect Repellent,Oct2004,793
France,BrightBreeze Insect Repellent,Dec2004,886
France,SoothingSerenity Baby Rub,Mar2004,3551
France,SoothingSerenity Baby Rub,Aug2004,1354
France,SoothingSerenity Baby Rub,Nov2004,3285
France,CalmingClean Diaper Rash Cream,Mar2004,9508
France,CalmingClean Diaper Rash Cream,Jun2004,1958
France,CalmingClean Diaper Rash Cream,Jul2004,1820
France,CalmingClean Diaper Rash Cream,Sep2004,1812
France,CalmingClean Diaper Rash Cream,Oct2004,7647
France,GentleGlow Baby Face Wash,Mar2004,1644
France,GentleGlow Baby Face Wash,May2004,4165
France,GentleGlow Baby Face Wash,Jul2004,1590
France,GentleGlow Baby Face Wash,Dec2004,1727
France,BrightBreeze Baby Sunscreen Stick,Feb2004,1418
France,BrightBreeze Baby Sunscreen Stick,May2004,1301
France,BrightBreeze Baby Sunscreen Stick,Jul2004,1347
France,BrightBreeze Baby Sunscreen Stick,Aug2004,1304
France,BrightBreeze Baby Sunscreen Stick,Sep2004,1313
France,BrightBreeze Baby Sunscreen Stick,Nov2004,1357
France,BrightBreeze Baby Sunscreen Stick,Dec2004,3564
France,BrightBreeze Period Pain Relief,Jan2004,1714
France,BrightBreeze Period Pain Relief,Feb2004,1665
France,BrightBreeze Period Pain Relief,Jul2004,2805
France,SmellSational Intimate Spray,Jul2004,1241
France,FreshFusion All-Purpose Cleaner,Apr2004,5053
France,SoothingSerenity Air Freshener,Jan2004,1262
France,SoothingSerenity Air Freshener,Feb2004,1627
France,SoothingSerenity Air Freshener,Mar2004,1592
France,SoothingSerenity Air Freshener,Jun2004,1689
France,SoothingSerenity Air Freshener,Aug2004,2825
France,SoothingSerenity Air Freshener,Sep2004,1585
France,SoothingSerenity Air Freshener,Nov2004,33082
France,SoothingSerenity Air Freshener,Dec2004,1580
France,PurePaw Dog Shampoo,Mar2004,655
France,PurePaw Dog Shampoo,Apr2004,4398
France,PurePaw Dog Shampoo,Jul2004,583
France,PurePaw Dog Shampoo,Sep2004,615
France,PurePaw Dog Shampoo,Oct2004,630
France,CalmingClean Dog Brush,May2004,953
France,CalmingClean Dog Brush,Oct2004,1030
India,LuminousLip Care,Jan2004,1620
India,LuminousLip Care,Feb2004,1738
India,LuminousLip Care,Mar2004,1619
India,LuminousLip Care,Apr2004,1708
India,LuminousLip Care,May2004,1677
India,LuminousLip Care,Jun2004,1644
India,LuminousLip Care,Jul2004,1815
India,LuminousLip Care,Aug2004,1807
India,LuminousLip Care,Sep2004,1621
India,LuminousLip Care,Oct2004,1624
India,LuminousLip Care,Nov2004,8031
India,LuminousLip Care,Dec2004,1714
India,CleanSlate Mouthwash,Sep2004,1561
India,OralEase Gel,Feb2004,2152
India,BreathBliss Mints,Jan2004,4641
India,BreathBliss Mints,Feb2004,1484
India,BreathBliss Mints,Apr2004,1489
India,BreathBliss Mints,May2004,1957
India,BreathBliss Mints,Jul2004,2105
India,BreathBliss Mints,Dec2004,1653
India,DentalDefense Toothpaste,Jan2004,511
India,DentalDefense Toothpaste,Feb2004,485
India,DentalDefense Toothpaste,Mar2004,553
India,DentalDefense Toothpaste,Apr2004,572
India,DentalDefense Toothpaste,May2004,548
India,DentalDefense Toothpaste,Jun2004,503
India,DentalDefense Toothpaste,Jul2004,490
India,DentalDefense Toothpaste,Aug2004,517
India,DentalDefense Toothpaste,Sep2004,540
India,DentalDefense Toothpaste,Oct2004,520
India,DentalDefense Toothpaste,Nov2004,534
India,DentalDefense Toothpaste,Dec2004,505
India,DailyDazzle Toothpaste,Jul2004,1143
India,BreatheEasy Inhalant,Feb2004,1187
India,BreatheEasy Inhalant,May2004,2673
India,BreatheEasy Inhalant,Jul2004,1541
India,CleanSmile Floss Picks,Jul2004,1414
India,CleanSmile Floss Picks,Nov2004,6548
India,SilkSmooth Exfoliating Scrub,Mar2004,773
India,SilkSmooth Exfoliating Scrub,Jun2004,989
India,SilkSmooth Exfoliating Scrub,Nov2004,995
India,CleanSkin Acne Treatment,Jan2004,1677
India,CleanSkin Acne Treatment,Feb2004,1584
India,CleanSkin Acne Treatment,Mar2004,1515
India,CleanSkin Acne Treatment,Apr2004,1682
India,CleanSkin Acne Treatment,May2004,1554
India,CleanSkin Acne Treatment,Jun2004,1508
India,CleanSkin Acne Treatment,Jul2004,1520
India,CleanSkin Acne Treatment,Aug2004,1588
India,CleanSkin Acne Treatment,Sep2004,1607
India,CleanSkin Acne Treatment,Oct2004,1650
India,CleanSkin Acne Treatment,Dec2004,1583
India,SunShield SPF 50 Lotion,Jul2004,617
India,Brightening Body Wash,Jan2004,1227
India,Brightening Body Wash,Feb2004,1209
India,Brightening Body Wash,Mar2004,1316
India,Brightening Body Wash,Apr2004,1251
India,Brightening Body Wash,May2004,1251
India,Brightening Body Wash,Jun2004,1152
India,Brightening Body Wash,Jul2004,1235
India,Brightening Body Wash,Aug2004,1210
India,Brightening Body Wash,Sep2004,1252
India,Brightening Body Wash,Oct2004,1206
India,Brightening Body Wash,Nov2004,1321
India,Brightening Body Wash,Dec2004,1190
India,GentleGlow Face Cleanser,Jan2004,1354
India,GentleGlow Face Cleanser,Feb2004,1439
India,GentleGlow Face Cleanser,Mar2004,1294
India,GentleGlow Face Cleanser,Apr2004,1413
India,GentleGlow Face Cleanser,May2004,1213
India,GentleGlow Face Cleanser,Jun2004,1300
India,GentleGlow Face Cleanser,Jul2004,1426
India,GentleGlow Face Cleanser,Aug2004,1370
India,GentleGlow Face Cleanser,Sep2004,1418
India,GentleGlow Face Cleanser,Oct2004,1426
India,GentleGlow Face Cleanser,Nov2004,1352
India,PurePore Toner,Jan2004,1835
India,PurePore Toner,May2004,1822
India,Hydrating Honey Body Lotion,Jan2004,1451
India,Hydrating Honey Body Lotion,Mar2004,1466
India,Hydrating Honey Body Lotion,Apr2004,1426
India,Hydrating Honey Body Lotion,May2004,1496
India,Hydrating Honey Body Lotion,Aug2004,1517
India,Hydrating Honey Body Lotion,Nov2004,1498
India,Hydrating Honey Body Lotion,Dec2004,1577
India,CleanSlate Stain Remover,Jul2004,1595
India,CleanSlate Stain Remover,Oct2004,1598
India,FreshFusion Diaper Rash Remedy,Jan2004,741
India,FreshFusion Diaper Rash Remedy,Feb2004,752
India,FreshFusion Diaper Rash Remedy,Mar2004,765
India,FreshFusion Diaper Rash Remedy,Apr2004,811
India,FreshFusion Diaper Rash Remedy,May2004,820
India,FreshFusion Diaper Rash Remedy,Jun2004,811
India,FreshFusion Diaper Rash Remedy,Jul2004,738
India,FreshFusion Diaper Rash Remedy,Aug2004,779
India,FreshFusion Diaper Rash Remedy,Sep2004,721
India,FreshFusion Diaper Rash Remedy,Oct2004,771
India,FreshFusion Diaper Rash Remedy,Nov2004,8139
India,FreshFusion Diaper Rash Remedy,Dec2004,800
India,PurePore Baby Lotion,Jan2004,822
India,PurePore Baby Lotion,Feb2004,799
India,PurePore Baby Lotion,Mar2004,808
India,PurePore Baby Lotion,Apr2004,817
India,PurePore Baby Lotion,May2004,830
India,PurePore Baby Lotion,Jun2004,770
India,PurePore Baby Lotion,Jul2004,854
India,PurePore Baby Lotion,Aug2004,844
India,PurePore Baby Lotion,Sep2004,795
India,PurePore Baby Lotion,Oct2004,776
India,PurePore Baby Lotion,Dec2004,787
India,BrightBreeze Insect Repellent,Jun2004,2192
India,SoothingSerenity Baby Rub,Jun2004,1160
India,SoothingSerenity Baby Rub,Jul2004,2441
India,SoothingSerenity Baby Rub,Aug2004,1240
India,SoothingSerenity Baby Rub,Sep2004,1250
India,SoothingSerenity Baby Rub,Nov2004,1208
India,CalmingClean Diaper Rash Cream,Jan2004,1746
India,CalmingClean Diaper Rash Cream,Feb2004,1729
India,CalmingClean Diaper Rash Cream,Mar2004,1647
India,CalmingClean Diaper Rash Cream,Apr2004,1724
India,CalmingClean Diaper Rash Cream,May2004,11205
India,CalmingClean Diaper Rash Cream,Jun2004,1653
India,CalmingClean Diaper Rash Cream,Jul2004,1637
India,CalmingClean Diaper Rash Cream,Aug2004,1484
India,CalmingClean Diaper Rash Cream,Sep2004,1691
India,CalmingClean Diaper Rash Cream,Oct2004,1771
India,CalmingClean Diaper Rash Cream,Nov2004,1782
India,CalmingClean Diaper Rash Cream,Dec2004,1721
India,GentleGlow Baby Face Wash,Mar2004,594
India,GentleGlow Baby Face Wash,Apr2004,530
India,GentleGlow Baby Face Wash,Jun2004,2381
India,GentleGlow Baby Face Wash,Jul2004,547
India,GentleGlow Baby Face Wash,Aug2004,538
India,GentleGlow Baby Face Wash,Sep2004,574
India,GentleGlow Baby Face Wash,Oct2004,1664
India,GentleGlow Baby Face Wash,Dec2004,563
India,BrightBreeze Baby Sunscreen Stick,Jan2004,900
India,BrightBreeze Baby Sunscreen Stick,Feb2004,2144
India,BrightBreeze Baby Sunscreen Stick,Mar2004,866
India,BrightBreeze Baby Sunscreen Stick,Apr2004,939
India,BrightBreeze Baby Sunscreen Stick,May2004,1041
India,BrightBreeze Baby Sunscreen Stick,Jun2004,918
India,BrightBreeze Baby Sunscreen Stick,Jul2004,934
India,BrightBreeze Baby Sunscreen Stick,Aug2004,998
India,BrightBreeze Baby Sunscreen Stick,Sep2004,976
India,BrightBreeze Baby Sunscreen Stick,Oct2004,9400
India,BrightBreeze Baby Sunscreen Stick,Nov2004,1010
India,BrightBreeze Baby Sunscreen Stick,Dec2004,1037
India,LuminousLocks Shampoo,Jan2004,828
India,LuminousLocks Shampoo,Feb2004,813
India,LuminousLocks Shampoo,Mar2004,812
India,LuminousLocks Shampoo,Apr2004,855
India,LuminousLocks Shampoo,May2004,758
India,LuminousLocks Shampoo,Jun2004,838
India,LuminousLocks Shampoo,Jul2004,793
India,LuminousLocks Shampoo,Aug2004,843
India,LuminousLocks Shampoo,Sep2004,822
India,LuminousLocks Shampoo,Oct2004,827
India,LuminousLocks Shampoo,Dec2004,734
India,SoothingSerenity Scalp Treatment,Jan2004,789
India,SoothingSerenity Scalp Treatment,Feb2004,810
India,SoothingSerenity Scalp Treatment,Mar2004,786
India,SoothingSerenity Scalp Treatment,Apr2004,688
India,SoothingSerenity Scalp Treatment,May2004,749
India,SoothingSerenity Scalp Treatment,Jun2004,738
India,SoothingSerenity Scalp Treatment,Jul2004,833
India,SoothingSerenity Scalp Treatment,Aug2004,752
India,SoothingSerenity Scalp Treatment,Sep2004,735
India,SoothingSerenity Scalp Treatment,Oct2004,791
India,SoothingSerenity Scalp Treatment,Dec2004,772
India,BrightBreeze Period Pain Relief,May2004,1546
India,BrightBreeze Period Pain Relief,Sep2004,676
India,SmellSational Intimate Spray,Jan2004,1786
India,SmellSational Intimate Spray,Feb2004,1931
India,SmellSational Intimate Spray,Mar2004,1821
India,SmellSational Intimate Spray,Apr2004,1830
India,SmellSational Intimate Spray,May2004,1809
India,SmellSational Intimate Spray,Jun2004,1759
India,SmellSational Intimate Spray,Jul2004,1990
India,SmellSational Intimate Spray,Aug2004,1630
India,SmellSational Intimate Spray,Sep2004,1944
India,SmellSational Intimate Spray,Nov2004,1915
India,SmellSational Intimate Spray,Dec2004,1922
India,SoftStep Shaving Cream for Women,Jan2004,704
India,SoftStep Shaving Cream for Women,Feb2004,817
India,SoftStep Shaving Cream for Women,Mar2004,804
India,SoftStep Shaving Cream for Women,Apr2004,819
India,SoftStep Shaving Cream for Women,May2004,772
India,SoftStep Shaving Cream for Women,Jun2004,773
India,SoftStep Shaving Cream for Women,Jul2004,799
India,SoftStep Shaving Cream for Women,Aug2004,883
India,SoftStep Shaving Cream for Women,Sep2004,776
India,SoftStep Shaving Cream for Women,Oct2004,740
India,SoftStep Shaving Cream for Women,Dec2004,840
India,PurePore Insect Repellent Spray,Jun2004,1583
India,PurePaw Dog Shampoo,Jul2004,1670
India,RadiantRover Pet Conditioner,Mar2004,561
India,RadiantRover Pet Conditioner,Jun2004,505
India,RadiantRover Pet Conditioner,Sep2004,569
India,RadiantRover Pet Conditioner,Dec2004,602
India,CalmingClean Dog Brush,Jun2004,995
Italy,MorningMint,Oct2004,607
Italy,BriteBite Toothbrush,Jan2004,1488
Italy,BriteBite Toothbrush,Feb2004,1831
Italy,BriteBite Toothbrush,Mar2004,1883
Italy,BriteBite Toothbrush,Apr2004,1375
Italy,BriteBite Toothbrush,May2004,1883
Italy,BriteBite Toothbrush,Jun2004,2005
Italy,BriteBite Toothbrush,Jul2004,1747
Italy,BriteBite Toothbrush,Aug2004,1789
Italy,BriteBite Toothbrush,Sep2004,1803
Italy,BriteBite Toothbrush,Oct2004,1748
Italy,BriteBite Toothbrush,Nov2004,1812
Italy,BriteBite Toothbrush,Dec2004,1955
Italy,LuminousLip Care,Jan2004,753
Italy,CleanSlate Mouthwash,Mar2004,1704
Italy,CleanSlate Mouthwash,Apr2004,1621
Italy,CleanSlate Mouthwash,Jun2004,1687
Italy,CleanSlate Mouthwash,Sep2004,1637
Italy,CleanSlate Mouthwash,Oct2004,1642
Italy,CleanSlate Mouthwash,Nov2004,1675
Italy,CleanSlate Mouthwash,Dec2004,1695
Italy,BreathBliss Mints,Jan2004,579
Italy,BreathBliss Mints,Feb2004,584
Italy,BreathBliss Mints,Mar2004,570
Italy,BreathBliss Mints,Apr2004,560
Italy,BreathBliss Mints,Jun2004,619
Italy,BreathBliss Mints,Jul2004,631
Italy,BreathBliss Mints,Aug2004,542
Italy,BreathBliss Mints,Sep2004,548
Italy,BreathBliss Mints,Oct2004,2071
Italy,BreathBliss Mints,Nov2004,606
Italy,BreathBliss Mints,Dec2004,606
Italy,FreshFusion Mouth Rinse,Jun2004,1418
Italy,BreatheEasy Inhalant,Jan2004,733
Italy,BreatheEasy Inhalant,Feb2004,736
Italy,BreatheEasy Inhalant,Mar2004,714
Italy,BreatheEasy Inhalant,Apr2004,728
Italy,BreatheEasy Inhalant,May2004,728
Italy,BreatheEasy Inhalant,Jun2004,709
Italy,BreatheEasy Inhalant,Jul2004,703
Italy,BreatheEasy Inhalant,Aug2004,698
Italy,BreatheEasy Inhalant,Sep2004,730
Italy,BreatheEasy Inhalant,Oct2004,776
Italy,BreatheEasy Inhalant,Nov2004,761
Italy,BreatheEasy Inhalant,Dec2004,749
Italy,SmilesSoPure Waterpik,Mar2004,2142
Italy,SmilesSoPure Waterpik,May2004,2124
Italy,SunShield SPF 50 Lotion,Jul2004,1523
Italy,Calming Creme Relaxant Bath,Jun2004,783
Italy,Brightening Body Wash,Jan2004,917
Italy,Brightening Body Wash,Feb2004,841
Italy,Brightening Body Wash,Mar2004,977
Italy,Brightening Body Wash,Apr2004,918
Italy,Brightening Body Wash,May2004,955
Italy,Brightening Body Wash,Jun2004,886
Italy,Brightening Body Wash,Jul2004,949
Italy,Brightening Body Wash,Aug2004,925
Italy,Brightening Body Wash,Sep2004,309
Italy,Brightening Body Wash,Oct2004,862
Italy,Brightening Body Wash,Nov2004,918
Italy,Brightening Body Wash,Dec2004,886
Italy,GentleGlow Face Cleanser,Feb2004,751
Italy,GentleGlow Face Cleanser,May2004,768
Italy,GentleGlow Face Cleanser,Jul2004,770
Italy,GentleGlow Face Cleanser,Sep2004,718
Italy,GentleGlow Face Cleanser,Oct2004,742
Italy,GentleGlow Face Cleanser,Nov2004,765
Italy,PurePore Toner,Feb2004,124
Italy,PurePore Toner,Mar2004,110
Italy,PurePore Toner,May2004,118
Italy,PurePore Toner,Jun2004,134
Italy,PurePore Toner,Aug2004,103
Italy,PurePore Toner,Oct2004,123
Italy,PurePore Toner,Nov2004,123
Italy,Hydrating Honey Body Lotion,May2004,1553
Italy,Hydrating Honey Body Lotion,Aug2004,1517
Italy,Hydrating Honey Body Lotion,Oct2004,1539
Italy,Hydrating Honey Body Lotion,Nov2004,1511
Italy,FreshFusion Detergent,Jun2004,1111
Italy,CleanSlate Stain Remover,Jan2004,752
Italy,CleanSlate Stain Remover,Feb2004,735
Italy,CleanSlate Stain Remover,Mar2004,758
Italy,CleanSlate Stain Remover,Apr2004,792
Italy,CleanSlate Stain Remover,May2004,765
Italy,CleanSlate Stain Remover,Jul2004,763
Italy,CleanSlate Stain Remover,Sep2004,802
Italy,CleanSlate Stain Remover,Oct2004,808
Italy,CleanSlate Stain Remover,Nov2004,764
Italy,CleanSlate Stain Remover,Dec2004,5487
Italy,BrightBreeze Whitening Booster,Jan2004,579
Italy,BrightBreeze Whitening Booster,Feb2004,522
Italy,BrightBreeze Whitening Booster,Mar2004,498
Italy,BrightBreeze Whitening Booster,Jun2004,490
Italy,BrightBreeze Whitening Booster,Oct2004,509
Italy,RadiantRinse Color Protector,Jan2004,1429
Italy,EasyWash Laundry Detergent,Apr2004,756
Italy,EasyWash Laundry Detergent,Jun2004,685
Italy,CalmingClean Bath Time Wash,Jan2004,1906
Italy,CalmingClean Bath Time Wash,Feb2004,1893
Italy,CalmingClean Bath Time Wash,Mar2004,1912
Italy,CalmingClean Bath Time Wash,Apr2004,1916
Italy,CalmingClean Bath Time Wash,Jun2004,1831
Italy,CalmingClean Bath Time Wash,Aug2004,1850
Italy,CalmingClean Bath Time Wash,Sep2004,1813
Italy,CalmingClean Bath Time Wash,Oct2004,1839
Italy,FreshFusion Diaper Rash Remedy,Feb2004,1040
Italy,FreshFusion Diaper Rash Remedy,Mar2004,855
Italy,FreshFusion Diaper Rash Remedy,Jun2004,973
Italy,FreshFusion Diaper Rash Remedy,Aug2004,898
Italy,FreshFusion Diaper Rash Remedy,Sep2004,861
Italy,FreshFusion Diaper Rash Remedy,Dec2004,2580
Italy,BrightBreeze Insect Repellent,Jan2004,886
Italy,BrightBreeze Insect Repellent,Feb2004,910
Italy,BrightBreeze Insect Repellent,Mar2004,956
Italy,BrightBreeze Insect Repellent,Apr2004,862
Italy,BrightBreeze Insect Repellent,May2004,979
Italy,BrightBreeze Insect Repellent,Jul2004,877
Italy,BrightBreeze Insect Repellent,Aug2004,947
Italy,BrightBreeze Insect Repellent,Oct2004,938
Italy,BrightBreeze Insect Repellent,Nov2004,929
Italy,BrightBreeze Insect Repellent,Dec2004,928
Italy,SoftStep Baby Shampoo,Dec2004,732
Italy,LittleLullaby Diaper Liners,Oct2004,764
Italy,SoothingSerenity Baby Rub,Jan2004,2063
Italy,SoothingSerenity Baby Rub,Jun2004,1931
Italy,SoothingSerenity Baby Rub,Jul2004,1998
Italy,SoothingSerenity Baby Rub,Aug2004,2140
Italy,SoothingSerenity Baby Rub,Nov2004,1903
Italy,SoothingSerenity Baby Rub,Dec2004,1978
Italy,CalmingClean Diaper Rash Cream,Jan2004,990
Italy,CalmingClean Diaper Rash Cream,Feb2004,2826
Italy,CalmingClean Diaper Rash Cream,Mar2004,1033
Italy,CalmingClean Diaper Rash Cream,Apr2004,943
Italy,CalmingClean Diaper Rash Cream,May2004,960
Italy,CalmingClean Diaper Rash Cream,Jun2004,996
Italy,CalmingClean Diaper Rash Cream,Jul2004,867
Italy,CalmingClean Diaper Rash Cream,Aug2004,930
Italy,CalmingClean Diaper Rash Cream,Sep2004,1034
Italy,CalmingClean Diaper Rash Cream,Nov2004,932
Italy,CalmingClean Diaper Rash Cream,Dec2004,1048
Italy,GentleGlow Baby Face Wash,Mar2004,904
Italy,GentleGlow Baby Face Wash,Apr2004,865
Italy,GentleGlow Baby Face Wash,Jun2004,983
Italy,GentleGlow Baby Face Wash,Jul2004,1056
Italy,GentleGlow Baby Face Wash,Sep2004,1046
Italy,GentleGlow Baby Face Wash,Oct2004,984
Italy,GentleGlow Baby Face Wash,Nov2004,7933
Italy,GentleGlow Baby Face Wash,Dec2004,976
Italy,BrightBreeze Baby Sunscreen Stick,Jan2004,587
Italy,BrightBreeze Baby Sunscreen Stick,Feb2004,580
Italy,BrightBreeze Baby Sunscreen Stick,Mar2004,599
Italy,BrightBreeze Baby Sunscreen Stick,Apr2004,571
Italy,BrightBreeze Baby Sunscreen Stick,May2004,1843
Italy,BrightBreeze Baby Sunscreen Stick,Jun2004,580
Italy,BrightBreeze Baby Sunscreen Stick,Jul2004,567
Italy,BrightBreeze Baby Sunscreen Stick,Aug2004,624
Italy,BrightBreeze Baby Sunscreen Stick,Sep2004,636
Italy,BrightBreeze Baby Sunscreen Stick,Oct2004,529
Italy,BrightBreeze Baby Sunscreen Stick,Nov2004,541
Italy,BrightBreeze Baby Sunscreen Stick,Dec2004,592
Italy,SilkSmooth Conditioner,Dec2004,926
Italy,BrightBreeze Period Pain Relief,Jan2004,1682
Italy,BrightBreeze Period Pain Relief,Feb2004,1725
Italy,BrightBreeze Period Pain Relief,Mar2004,1616
Italy,BrightBreeze Period Pain Relief,Apr2004,1641
Italy,BrightBreeze Period Pain Relief,May2004,1541
Italy,BrightBreeze Period Pain Relief,Jun2004,1767
Italy,BrightBreeze Period Pain Relief,Jul2004,1563
Italy,BrightBreeze Period Pain Relief,Aug2004,1530
Italy,BrightBreeze Period Pain Relief,Sep2004,1728
Italy,BrightBreeze Period Pain Relief,Oct2004,3279
Italy,BrightBreeze Period Pain Relief,Nov2004,1583
Italy,BrightBreeze Period Pain Relief,Dec2004,1609
Italy,SmellSational Intimate Spray,Feb2004,1587
Italy,SmellSational Intimate Spray,Apr2004,1681
Italy,SmellSational Intimate Spray,Jul2004,54
Italy,SmellSational Intimate Spray,Nov2004,1749
Italy,SmellSational Intimate Spray,Dec2004,20229
Italy,FreshFusion All-Purpose Cleaner,Feb2004,1888
Italy,FreshFusion All-Purpose Cleaner,May2004,1883
Italy,FreshFusion All-Purpose Cleaner,Jul2004,1844
Italy,FreshFusion All-Purpose Cleaner,Sep2004,2143
Italy,SoothingSerenity Air Freshener,Jan2004,1095
Italy,SoothingSerenity Air Freshener,Apr2004,1154
Italy,SoothingSerenity Air Freshener,May2004,1152
Italy,SoothingSerenity Air Freshener,Jun2004,1118
Italy,SoothingSerenity Air Freshener,Jul2004,1088
Italy,SoothingSerenity Air Freshener,Sep2004,1192
Italy,SoothingSerenity Air Freshener,Nov2004,1113
Italy,SoothingSerenity Air Freshener,Dec2004,1069
Italy,RadiantRose Glass Cleaner,Oct2004,1461
Italy,RadiantRover Pet Conditioner,May2004,2104
Italy,RadiantRover Pet Conditioner,Aug2004,2021
Italy,CalmingClean Dog Brush,Jan2004,561
Italy,CalmingClean Dog Brush,Mar2004,576
Italy,CalmingClean Dog Brush,Apr2004,617
Italy,CalmingClean Dog Brush,Jun2004,566
Italy,CalmingClean Dog Brush,Aug2004,559
Italy,CalmingClean Dog Brush,Oct2004,542
Japan,CleanSlate Mouthwash,Apr2004,506
Japan,CleanSlate Mouthwash,Sep2004,1427
Japan,CleanSlate Mouthwash,Dec2004,527
Japan,BreathBliss Mints,Jan2004,10
Japan,BreathBliss Mints,Feb2004,1889
Japan,BreathBliss Mints,Mar2004,1784
Japan,BreathBliss Mints,Apr2004,1964
Japan,BreathBliss Mints,Oct2004,8565
Japan,BreathBliss Mints,Dec2004,1862
Japan,BreatheEasy Inhalant,Jan2004,1160
Japan,BreatheEasy Inhalant,Mar2004,1056
Japan,BreatheEasy Inhalant,Apr2004,1134
Japan,BreatheEasy Inhalant,Jul2004,1125
Japan,BreatheEasy Inhalant,Nov2004,1177
Japan,BreatheEasy Inhalant,Dec2004,1189
Japan,GentleGlow Face Lotion,Aug2004,1436
Japan,SilkSmooth Exfoliating Scrub,Jun2004,5352
Japan,SilkSmooth Exfoliating Scrub,Aug2004,1561
Japan,SilkSmooth Exfoliating Scrub,Nov2004,42621
Japan,Brightening Body Wash,Jan2004,1510
Japan,Brightening Body Wash,Mar2004,1649
Japan,Brightening Body Wash,Apr2004,1425
Japan,Brightening Body Wash,Jun2004,1552
Japan,Brightening Body Wash,Aug2004,1571
Japan,Brightening Body Wash,Oct2004,1417
Japan,Brightening Body Wash,Nov2004,1536
Japan,Brightening Body Wash,Dec2004,1493
Japan,GentleGlow Face Cleanser,Mar2004,3197
Japan,GentleGlow Face Cleanser,May2004,1264
Japan,GentleGlow Face Cleanser,Jun2004,1407
Japan,GentleGlow Face Cleanser,Aug2004,1266
Japan,GentleGlow Face Cleanser,Sep2004,10287
Japan,GentleGlow Face Cleanser,Oct2004,1369
Japan,PurePore Toner,Jan2004,738
Japan,PurePore Toner,May2004,766
Japan,CleanSlate Stain Remover,Feb2004,1396
Japan,CleanSlate Stain Remover,Mar2004,1388
Japan,CleanSlate Stain Remover,May2004,1314
Japan,CleanSlate Stain Remover,Jul2004,1332
Japan,CleanSlate Stain Remover,Sep2004,2391
Japan,CleanSlate Stain Remover,Oct2004,1304
Japan,CalmingClean Bath Time Wash,Mar2004,626
Japan,CalmingClean Bath Time Wash,May2004,663
Japan,CalmingClean Bath Time Wash,Jun2004,668
Japan,CalmingClean Bath Time Wash,Dec2004,739
Japan,BrightBreeze Insect Repellent,Jan2004,651
Japan,BrightBreeze Insect Repellent,Feb2004,764
Japan,BrightBreeze Insect Repellent,Jul2004,594
Japan,BrightBreeze Insect Repellent,Oct2004,609
Japan,BrightBreeze Insect Repellent,Dec2004,589
Japan,SoothingSerenity Baby Rub,Jul2004,950
Japan,CalmingClean Diaper Rash Cream,Jan2004,1750
Japan,CalmingClean Diaper Rash Cream,Feb2004,1846
Japan,CalmingClean Diaper Rash Cream,Mar2004,1864
Japan,CalmingClean Diaper Rash Cream,Apr2004,1917
Japan,CalmingClean Diaper Rash Cream,May2004,1844
Japan,CalmingClean Diaper Rash Cream,Jun2004,1776
Japan,CalmingClean Diaper Rash Cream,Jul2004,1886
Japan,CalmingClean Diaper Rash Cream,Aug2004,1794
Japan,CalmingClean Diaper Rash Cream,Sep2004,1839
Japan,CalmingClean Diaper Rash Cream,Nov2004,1830
Japan,CalmingClean Diaper Rash Cream,Dec2004,1976
Japan,GentleGlow Baby Face Wash,Apr2004,1965
Japan,GentleGlow Baby Face Wash,Sep2004,1923
Japan,GentleGlow Baby Face Wash,Dec2004,419
Japan,BrightBreeze Baby Sunscreen Stick,Jan2004,1263
Japan,BrightBreeze Baby Sunscreen Stick,Mar2004,1263
Japan,BrightBreeze Baby Sunscreen Stick,Jun2004,1348
Japan,BrightBreeze Baby Sunscreen Stick,Jul2004,1293
Japan,BrightBreeze Baby Sunscreen Stick,Aug2004,1221
Japan,BrightBreeze Baby Sunscreen Stick,Sep2004,1338
Japan,BrightBreeze Baby Sunscreen Stick,Oct2004,1221
Japan,BrightBreeze Baby Sunscreen Stick,Nov2004,1237
Japan,BrightBreeze Baby Sunscreen Stick,Dec2004,1250
Japan,BrightBreeze Period Pain Relief,Mar2004,674
Japan,BrightBreeze Period Pain Relief,May2004,600
Japan,BrightBreeze Period Pain Relief,Jun2004,667
Japan,BrightBreeze Period Pain Relief,Jul2004,661
Japan,BrightBreeze Period Pain Relief,Aug2004,683
Japan,BrightBreeze Period Pain Relief,Oct2004,706
Japan,BrightBreeze Period Pain Relief,Nov2004,678
Japan,BrightBreeze Period Pain Relief,Dec2004,700
Japan,FreshFusion All-Purpose Cleaner,Feb2004,2045
Japan,FreshFusion All-Purpose Cleaner,Apr2004,89
Japan,FreshFusion All-Purpose Cleaner,Sep2004,2042
Japan,SoothingSerenity Air Freshener,Jan2004,1918
Japan,SoothingSerenity Air Freshener,Feb2004,1907
Japan,SoothingSerenity Air Freshener,May2004,20569
Japan,SoothingSerenity Air Freshener,Jul2004,1940
Japan,SoothingSerenity Air Freshener,Aug2004,1824
Japan,SoothingSerenity Air Freshener,Sep2004,1898
Japan,SoothingSerenity Air Freshener,Nov2004,1822
Japan,CalmingClean Dog Brush,Feb2004,2288
Japan,CalmingClean Dog Brush,May2004,1232
Japan,CalmingClean Dog Brush,Oct2004,1041
Russia,SmileShield Whitening Strips,Oct2004,1339
Russia,BriteBite Toothbrush,Jan2004,2522
Russia,BriteBite Toothbrush,Feb2004,1894
Russia,BriteBite Toothbrush,Mar2004,1970
Russia,BriteBite Toothbrush,Apr2004,2400
Russia,BriteBite Toothbrush,May2004,1975
Russia,BriteBite Toothbrush,Jun2004,3395
Russia,BriteBite Toothbrush,Jul2004,3527
Russia,BriteBite Toothbrush,Aug2004,1902
Russia,BriteBite Toothbrush,Sep2004,2048
Russia,BriteBite Toothbrush,Oct2004,1971
Russia,BriteBite Toothbrush,Nov2004,3514
Russia,BriteBite Toothbrush,Dec2004,2135
Russia,CleanSlate Mouthwash,Jan2004,858
Russia,CleanSlate Mouthwash,Mar2004,914
Russia,CleanSlate Mouthwash,Apr2004,871
Russia,CleanSlate Mouthwash,May2004,838
Russia,CleanSlate Mouthwash,Jul2004,943
Russia,CleanSlate Mouthwash,Oct2004,848
Russia,CleanSlate Mouthwash,Nov2004,857
Russia,CleanSlate Mouthwash,Dec2004,924
Russia,OralEase Gel,Oct2004,1951
Russia,BreathBliss Mints,Jun2004,1870
Russia,BreathBliss Mints,Nov2004,1862
Russia,SmileSavvy Tooth Whitening Kit,Feb2004,1976
Russia,SmileSavvy Tooth Whitening Kit,Mar2004,2077
Russia,SmileSavvy Tooth Whitening Kit,May2004,2128
Russia,SmileSavvy Tooth Whitening Kit,Oct2004,2112
Russia,SilkSmooth Exfoliating Scrub,Mar2004,758
Russia,SilkSmooth Exfoliating Scrub,Jun2004,2463
Russia,SilkSmooth Exfoliating Scrub,Nov2004,784
Russia,Brightening Body Wash,Jan2004,1260
Russia,Brightening Body Wash,Feb2004,1145
Russia,Brightening Body Wash,Mar2004,1316
Russia,Brightening Body Wash,Apr2004,1304
Russia,Brightening Body Wash,May2004,1334
Russia,Brightening Body Wash,Jun2004,1286
Russia,Brightening Body Wash,Jul2004,1330
Russia,Brightening Body Wash,Aug2004,1223
Russia,Brightening Body Wash,Sep2004,1270
Russia,Brightening Body Wash,Oct2004,1232
Russia,Brightening Body Wash,Nov2004,1172
Russia,Brightening Body Wash,Dec2004,1151
Russia,SmoothOperator Shaving Gel,Feb2004,1451
Russia,SoothingSerenity Hand Sanitizer,May2004,525
Russia,GentleGlow Face Cleanser,Jan2004,2506
Russia,GentleGlow Face Cleanser,Feb2004,1989
Russia,GentleGlow Face Cleanser,Apr2004,3157
Russia,GentleGlow Face Cleanser,May2004,1965
Russia,GentleGlow Face Cleanser,Jun2004,1014
Russia,GentleGlow Face Cleanser,Jul2004,1963
Russia,GentleGlow Face Cleanser,Aug2004,2104
Russia,GentleGlow Face Cleanser,Sep2004,1992
Russia,GentleGlow Face Cleanser,Oct2004,1953
Russia,PurePore Toner,Jan2004,2563
Russia,PurePore Toner,May2004,987
Russia,PurePore Toner,Jul2004,991
Russia,PurePore Toner,Sep2004,961
Russia,Hydrating Honey Body Lotion,Mar2004,3199
Russia,Hydrating Honey Body Lotion,Aug2004,807
Russia,Hydrating Honey Body Lotion,Nov2004,2797
Russia,CleanSlate Stain Remover,Jan2004,2842
Russia,CleanSlate Stain Remover,Feb2004,1007
Russia,CleanSlate Stain Remover,May2004,2628
Russia,CleanSlate Stain Remover,Aug2004,3472
Russia,CleanSlate Stain Remover,Oct2004,1064
Russia,CleanSlate Stain Remover,Nov2004,1039
Russia,CleanSlate Stain Remover,Dec2004,1058
Russia,CalmingClean Bath Time Wash,Jan2004,1134
Russia,CalmingClean Bath Time Wash,Feb2004,1125
Russia,CalmingClean Bath Time Wash,Mar2004,1181
Russia,CalmingClean Bath Time Wash,Apr2004,1189
Russia,CalmingClean Bath Time Wash,May2004,1081
Russia,CalmingClean Bath Time Wash,Jun2004,1130
Russia,CalmingClean Bath Time Wash,Jul2004,1120
Russia,CalmingClean Bath Time Wash,Aug2004,1775
Russia,CalmingClean Bath Time Wash,Sep2004,1143
Russia,CalmingClean Bath Time Wash,Oct2004,1146
Russia,CalmingClean Bath Time Wash,Dec2004,1228
Russia,PurePore Baby Lotion,Feb2004,1590
Russia,BrightBreeze Insect Repellent,Feb2004,1798
Russia,BrightBreeze Insect Repellent,Apr2004,1662
Russia,BrightBreeze Insect Repellent,Jun2004,1643
Russia,BrightBreeze Insect Repellent,Aug2004,1687
Russia,BrightBreeze Insect Repellent,Sep2004,1575
Russia,BrightBreeze Insect Repellent,Oct2004,1735
Russia,BrightBreeze Insect Repellent,Nov2004,3155
Russia,BrightBreeze Insect Repellent,Dec2004,1550
Russia,LittleLullaby Diaper Liners,Sep2004,1806
Russia,CalmingClean Diaper Rash Cream,Jan2004,1647
Russia,CalmingClean Diaper Rash Cream,Feb2004,979
Russia,CalmingClean Diaper Rash Cream,Mar2004,961
Russia,CalmingClean Diaper Rash Cream,Apr2004,2773
Russia,CalmingClean Diaper Rash Cream,May2004,883
Russia,CalmingClean Diaper Rash Cream,Jun2004,933
Russia,CalmingClean Diaper Rash Cream,Jul2004,885
Russia,CalmingClean Diaper Rash Cream,Aug2004,2906
Russia,CalmingClean Diaper Rash Cream,Sep2004,800
Russia,CalmingClean Diaper Rash Cream,Oct2004,895
Russia,CalmingClean Diaper Rash Cream,Nov2004,983
Russia,CalmingClean Diaper Rash Cream,Dec2004,2640
Russia,GentleGlow Baby Face Wash,Apr2004,3367
Russia,GentleGlow Baby Face Wash,Jul2004,811
Russia,GentleGlow Baby Face Wash,Sep2004,832
Russia,GentleGlow Baby Face Wash,Oct2004,790
Russia,GentleGlow Baby Face Wash,Dec2004,2401
Russia,BrightBreeze Baby Sunscreen Stick,Jan2004,2834
Russia,BrightBreeze Baby Sunscreen Stick,Feb2004,1333
Russia,BrightBreeze Baby Sunscreen Stick,Mar2004,2840
Russia,BrightBreeze Baby Sunscreen Stick,Apr2004,1405
Russia,BrightBreeze Baby Sunscreen Stick,May2004,2728
Russia,BrightBreeze Baby Sunscreen Stick,Jun2004,1326
Russia,BrightBreeze Baby Sunscreen Stick,Jul2004,1390
Russia,BrightBreeze Baby Sunscreen Stick,Aug2004,1388
Russia,BrightBreeze Baby Sunscreen Stick,Sep2004,1383
Russia,BrightBreeze Baby Sunscreen Stick,Oct2004,1284
Russia,BrightBreeze Baby Sunscreen Stick,Nov2004,1330
Russia,BrightBreeze Baby Sunscreen Stick,Dec2004,1313
Russia,SoothingSerenity Scalp Treatment,Sep2004,3039
Russia,BrightBreeze Period Pain Relief,Jan2004,1995
Russia,BrightBreeze Period Pain Relief,Feb2004,2070
Russia,BrightBreeze Period Pain Relief,Mar2004,3717
Russia,BrightBreeze Period Pain Relief,Apr2004,2031
Russia,BrightBreeze Period Pain Relief,May2004,1810
Russia,BrightBreeze Period Pain Relief,Jun2004,3829
Russia,BrightBreeze Period Pain Relief,Jul2004,623
Russia,BrightBreeze Period Pain Relief,Aug2004,3699
Russia,BrightBreeze Period Pain Relief,Sep2004,2117
Russia,BrightBreeze Period Pain Relief,Oct2004,2017
Russia,BrightBreeze Period Pain Relief,Nov2004,2015
Russia,BrightBreeze Period Pain Relief,Dec2004,1966
Russia,SmellSational Intimate Spray,Apr2004,1933
Russia,SmellSational Intimate Spray,Jul2004,654
Russia,SmellSational Intimate Spray,Nov2004,718
Russia,SmellSational Intimate Spray,Dec2004,614
Russia,FreshFusion All-Purpose Cleaner,Feb2004,1997
Russia,FreshFusion All-Purpose Cleaner,Apr2004,3629
Russia,FreshFusion All-Purpose Cleaner,May2004,1839
Russia,FreshFusion All-Purpose Cleaner,Jul2004,3924
Russia,FreshFusion All-Purpose Cleaner,Sep2004,1761
Russia,SoothingSerenity Air Freshener,Jan2004,1049
Russia,SoothingSerenity Air Freshener,Feb2004,646
Russia,SoothingSerenity Air Freshener,Mar2004,2427
Russia,SoothingSerenity Air Freshener,Apr2004,4184
Russia,SoothingSerenity Air Freshener,May2004,1098
Russia,SoothingSerenity Air Freshener,Jun2004,918
Russia,SoothingSerenity Air Freshener,Jul2004,1183
Russia,SoothingSerenity Air Freshener,Sep2004,997
Russia,SoothingSerenity Air Freshener,Nov2004,1060
Russia,SoothingSerenity Air Freshener,Dec2004,2983
Russia,GentleGlow Dish Soap,Oct2004,578
Russia,PurePore Insect Repellent Spray,Jul2004,1656
Russia,FreshFusion Flea and Tick Spray,Nov2004,1365
Russia,GentleGlow Pet Grooming Kit,Apr2004,1827
Russia,GentleGlow Pet Grooming Kit,Oct2004,1800
Russia,BrightBreeze Pet Odor Eliminator,Sep2004,35866
Russia,CalmingClean Dog Brush,Jan2004,1031
Russia,CalmingClean Dog Brush,May2004,1068
Russia,CalmingClean Dog Brush,Jun2004,1193
Russia,CalmingClean Dog Brush,Aug2004,1221
Russia,CalmingClean Dog Brush,Nov2004,1083
Russia,CalmingClean Dog Brush,Dec2004,1037
South Africa,BriteBite Toothbrush,Jan2004,2458
South Africa,BriteBite Toothbrush,Feb2004,2145
South Africa,BriteBite Toothbrush,Mar2004,1439
South Africa,BriteBite Toothbrush,May2004,1984
South Africa,BriteBite Toothbrush,Jun2004,1061
South Africa,BriteBite Toothbrush,Aug2004,639
South Africa,BriteBite Toothbrush,Sep2004,4790
South Africa,BriteBite Toothbrush,Nov2004,1769
South Africa,BriteBite Toothbrush,Dec2004,1544
South Africa,BreathBliss Mints,Mar2004,3831
South Africa,BreathBliss Mints,Aug2004,6967
South Africa,BreathBliss Mints,Sep2004,3455
South Africa,BreatheEasy Inhalant,Jan2004,3323
South Africa,BreatheEasy Inhalant,Feb2004,1762
South Africa,BreatheEasy Inhalant,Mar2004,3340
South Africa,BreatheEasy Inhalant,Apr2004,1963
South Africa,BreatheEasy Inhalant,May2004,1885
South Africa,BreatheEasy Inhalant,Jun2004,10833
South Africa,BreatheEasy Inhalant,Jul2004,1982
South Africa,BreatheEasy Inhalant,Aug2004,4534
South Africa,BreatheEasy Inhalant,Sep2004,4714
South Africa,BreatheEasy Inhalant,Oct2004,4379
South Africa,BreatheEasy Inhalant,Nov2004,1730
South Africa,BreatheEasy Inhalant,Dec2004,3580
South Africa,SparklingGlow Toothpaste,Feb2004,1242
South Africa,SilkSmooth Exfoliating Scrub,Apr2004,1898
South Africa,SilkSmooth Exfoliating Scrub,Jun2004,2353
South Africa,SilkSmooth Exfoliating Scrub,Aug2004,1912
South Africa,Brightening Body Wash,Jan2004,868
South Africa,Brightening Body Wash,Feb2004,2399
South Africa,Brightening Body Wash,Mar2004,697
South Africa,Brightening Body Wash,Apr2004,823
South Africa,Brightening Body Wash,May2004,2243
South Africa,Brightening Body Wash,Jun2004,851
South Africa,Brightening Body Wash,Jul2004,3198
South Africa,Brightening Body Wash,Aug2004,892
South Africa,Brightening Body Wash,Sep2004,2860
South Africa,Brightening Body Wash,Oct2004,797
South Africa,Brightening Body Wash,Nov2004,698
South Africa,Brightening Body Wash,Dec2004,813
South Africa,GentleGlow Face Cleanser,Jan2004,1964
South Africa,GentleGlow Face Cleanser,Feb2004,5529
South Africa,GentleGlow Face Cleanser,Apr2004,1987
South Africa,GentleGlow Face Cleanser,May2004,1658
South Africa,GentleGlow Face Cleanser,Jun2004,2573
South Africa,GentleGlow Face Cleanser,Jul2004,6815
South Africa,GentleGlow Face Cleanser,Aug2004,1799
South Africa,GentleGlow Face Cleanser,Oct2004,1783
South Africa,PurePore Toner,Jan2004,123
South Africa,PurePore Toner,May2004,1834
South Africa,PurePore Toner,Jul2004,817
South Africa,PurePore Toner,Nov2004,38298
South Africa,Hydrating Honey Body Lotion,Jan2004,1470
South Africa,Hydrating Honey Body Lotion,May2004,1040
South Africa,Hydrating Honey Body Lotion,Aug2004,1080
South Africa,Hydrating Honey Body Lotion,Oct2004,3060
South Africa,Hydrating Honey Body Lotion,Dec2004,3390
South Africa,CleanSlate Stain Remover,Nov2004,4777
South Africa,CalmingClean Bath Time Wash,Feb2004,665
South Africa,CalmingClean Bath Time Wash,Sep2004,2227
South Africa,FreshFusion Diaper Rash Remedy,Dec2004,1891
South Africa,BrightBreeze Insect Repellent,Aug2004,590
South Africa,BrightBreeze Insect Repellent,Sep2004,730
South Africa,BrightBreeze Insect Repellent,Oct2004,1444
South Africa,SoothingSerenity Baby Rub,Jun2004,1226
South Africa,CalmingClean Diaper Rash Cream,Jan2004,1046
South Africa,CalmingClean Diaper Rash Cream,Aug2004,6529
South Africa,CalmingClean Diaper Rash Cream,Oct2004,8986
South Africa,CalmingClean Diaper Rash Cream,Nov2004,1789
South Africa,GentleGlow Baby Face Wash,Mar2004,3022
South Africa,GentleGlow Baby Face Wash,Aug2004,1833
South Africa,BrightBreeze Baby Sunscreen Stick,Jan2004,1612
South Africa,BrightBreeze Baby Sunscreen Stick,Feb2004,1388
South Africa,BrightBreeze Baby Sunscreen Stick,Mar2004,2881
South Africa,BrightBreeze Baby Sunscreen Stick,Apr2004,4134
South Africa,BrightBreeze Baby Sunscreen Stick,May2004,1584
South Africa,BrightBreeze Baby Sunscreen Stick,Jun2004,2807
South Africa,BrightBreeze Baby Sunscreen Stick,Jul2004,1626
South Africa,BrightBreeze Baby Sunscreen Stick,Aug2004,1644
South Africa,BrightBreeze Baby Sunscreen Stick,Sep2004,3018
South Africa,BrightBreeze Baby Sunscreen Stick,Oct2004,1648
South Africa,BrightBreeze Baby Sunscreen Stick,Nov2004,1474
South Africa,BrightBreeze Baby Sunscreen Stick,Dec2004,758
South Africa,SilkSmooth Conditioner,Feb2004,1451
South Africa,SilkSmooth Conditioner,Dec2004,1449
South Africa,BrightBreeze Period Pain Relief,Jan2004,1664
South Africa,BrightBreeze Period Pain Relief,Feb2004,675
South Africa,BrightBreeze Period Pain Relief,Apr2004,2289
South Africa,BrightBreeze Period Pain Relief,May2004,641
South Africa,BrightBreeze Period Pain Relief,Sep2004,1552
South Africa,BrightBreeze Period Pain Relief,Oct2004,617
South Africa,BrightBreeze Period Pain Relief,Nov2004,1514
South Africa,BrightBreeze Period Pain Relief,Dec2004,1575
South Africa,SmellSational Intimate Spray,Jul2004,3126
South Africa,SmellSational Intimate Spray,Nov2004,1199
South Africa,FreshFusion All-Purpose Cleaner,Feb2004,1810
South Africa,FreshFusion All-Purpose Cleaner,May2004,1927
South Africa,FreshFusion All-Purpose Cleaner,Jul2004,2039
South Africa,FreshFusion All-Purpose Cleaner,Sep2004,19385
South Africa,SoothingSerenity Air Freshener,Jan2004,472
South Africa,SoothingSerenity Air Freshener,Feb2004,245
South Africa,SoothingSerenity Air Freshener,Mar2004,7431
South Africa,SoothingSerenity Air Freshener,Apr2004,1906
South Africa,SoothingSerenity Air Freshener,May2004,204
South Africa,SoothingSerenity Air Freshener,Jul2004,1793
South Africa,PurePore Insect Repellent Spray,Sep2004,1802
South Africa,CalmingClean Trash Bags,Aug2004,985
South Africa,PurePaw Dog Shampoo,Jun2004,1689
South Africa,PurePaw Dog Shampoo,Sep2004,1706
South Africa,CalmingClean Dog Brush,Jun2004,12880
South Africa,CalmingClean Dog Brush,Sep2004,3943
United Kingdom,BriteBite Toothbrush,Jan2004,1714
United Kingdom,BriteBite Toothbrush,Feb2004,1781
United Kingdom,BriteBite Toothbrush,Mar2004,1702
United Kingdom,BriteBite Toothbrush,Apr2004,1628
United Kingdom,BriteBite Toothbrush,May2004,1670
United Kingdom,BriteBite Toothbrush,Jun2004,1816
United Kingdom,BriteBite Toothbrush,Jul2004,1631
United Kingdom,BriteBite Toothbrush,Aug2004,1739
United Kingdom,BriteBite Toothbrush,Sep2004,1918
United Kingdom,BriteBite Toothbrush,Oct2004,1866
United Kingdom,BriteBite Toothbrush,Dec2004,1713
United Kingdom,LuminousLip Care,Sep2004,2213
United Kingdom,LuminousLip Care,Dec2004,2355
United Kingdom,CleanSlate Mouthwash,Jul2004,1749
United Kingdom,CleanSlate Mouthwash,Dec2004,12063
United Kingdom,BreatheEasy Inhalant,Feb2004,1595
United Kingdom,BreatheEasy Inhalant,Apr2004,1617
United Kingdom,BreatheEasy Inhalant,Aug2004,13
United Kingdom,BreatheEasy Inhalant,Sep2004,1578
United Kingdom,BreatheEasy Inhalant,Nov2004,1526
United Kingdom,SmilesSoPure Waterpik,Mar2004,633
United Kingdom,SilkSmooth Exfoliating Scrub,Jun2004,638
United Kingdom,Brightening Body Wash,Jan2004,958
United Kingdom,Brightening Body Wash,Feb2004,1019
United Kingdom,Brightening Body Wash,Mar2004,896
United Kingdom,Brightening Body Wash,Apr2004,907
United Kingdom,Brightening Body Wash,May2004,839
United Kingdom,Brightening Body Wash,Jun2004,834
United Kingdom,Brightening Body Wash,Jul2004,966
United Kingdom,Brightening Body Wash,Aug2004,961
United Kingdom,Brightening Body Wash,Sep2004,917
United Kingdom,Brightening Body Wash,Oct2004,845
United Kingdom,Brightening Body Wash,Nov2004,941
United Kingdom,Brightening Body Wash,Dec2004,807
United Kingdom,GentleGlow Face Cleanser,Jan2004,1980
United Kingdom,GentleGlow Face Cleanser,Feb2004,633
United Kingdom,GentleGlow Face Cleanser,Mar2004,2069
United Kingdom,GentleGlow Face Cleanser,May2004,2080
United Kingdom,GentleGlow Face Cleanser,Jun2004,2987
United Kingdom,GentleGlow Face Cleanser,Aug2004,1947
United Kingdom,GentleGlow Face Cleanser,Oct2004,1895
United Kingdom,PurePore Toner,Jan2004,1706
United Kingdom,PurePore Toner,Dec2004,1820
United Kingdom,Hydrating Honey Body Lotion,Mar2004,1957
United Kingdom,Hydrating Honey Body Lotion,Apr2004,1764
United Kingdom,Hydrating Honey Body Lotion,May2004,1996
United Kingdom,Hydrating Honey Body Lotion,Jun2004,1922
United Kingdom,Hydrating Honey Body Lotion,Aug2004,1815
United Kingdom,Hydrating Honey Body Lotion,Oct2004,1868
United Kingdom,CalmingClean Bath Time Wash,May2004,275
United Kingdom,BrightBreeze Insect Repellent,Feb2004,748
United Kingdom,BrightBreeze Insect Repellent,Nov2004,752
United Kingdom,BrightBreeze Insect Repellent,Dec2004,732
United Kingdom,CalmingClean Diaper Rash Cream,Jan2004,1575
United Kingdom,CalmingClean Diaper Rash Cream,Feb2004,1404
United Kingdom,CalmingClean Diaper Rash Cream,Mar2004,1684
United Kingdom,CalmingClean Diaper Rash Cream,Apr2004,1556
United Kingdom,CalmingClean Diaper Rash Cream,May2004,1669
United Kingdom,CalmingClean Diaper Rash Cream,Jun2004,1647
United Kingdom,CalmingClean Diaper Rash Cream,Jul2004,1713
United Kingdom,CalmingClean Diaper Rash Cream,Aug2004,1772
United Kingdom,CalmingClean Diaper Rash Cream,Sep2004,1767
United Kingdom,CalmingClean Diaper Rash Cream,Oct2004,1730
United Kingdom,CalmingClean Diaper Rash Cream,Nov2004,1668
United Kingdom,CalmingClean Diaper Rash Cream,Dec2004,1731
United Kingdom,GentleGlow Baby Face Wash,Mar2004,775
United Kingdom,GentleGlow Baby Face Wash,Dec2004,785
United Kingdom,BrightBreeze Baby Sunscreen Stick,Jan2004,1361
United Kingdom,BrightBreeze Baby Sunscreen Stick,Feb2004,1277
United Kingdom,BrightBreeze Baby Sunscreen Stick,Apr2004,192
United Kingdom,BrightBreeze Baby Sunscreen Stick,Jul2004,1543
United Kingdom,BrightBreeze Baby Sunscreen Stick,Aug2004,1358
United Kingdom,BrightBreeze Baby Sunscreen Stick,Oct2004,1346
United Kingdom,BrightBreeze Baby Sunscreen Stick,Nov2004,1423
United Kingdom,BrightBreeze Period Pain Relief,Jan2004,288
United Kingdom,BrightBreeze Period Pain Relief,Feb2004,1278
United Kingdom,BrightBreeze Period Pain Relief,Mar2004,1284
United Kingdom,BrightBreeze Period Pain Relief,Apr2004,1376
United Kingdom,BrightBreeze Period Pain Relief,May2004,1293
United Kingdom,BrightBreeze Period Pain Relief,Jun2004,1326
United Kingdom,BrightBreeze Period Pain Relief,Jul2004,1157
United Kingdom,BrightBreeze Period Pain Relief,Aug2004,1395
United Kingdom,BrightBreeze Period Pain Relief,Sep2004,1437
United Kingdom,BrightBreeze Period Pain Relief,Oct2004,1198
United Kingdom,BrightBreeze Period Pain Relief,Nov2004,1356
United Kingdom,BrightBreeze Period Pain Relief,Dec2004,1326
United Kingdom,SmellSational Intimate Spray,Apr2004,1960
United Kingdom,SmellSational Intimate Spray,Jul2004,1985
United Kingdom,SmellSational Intimate Spray,Nov2004,1956
United Kingdom,FreshFusion All-Purpose Cleaner,Feb2004,1265
United Kingdom,FreshFusion All-Purpose Cleaner,May2004,1178
United Kingdom,FreshFusion All-Purpose Cleaner,Jul2004,1141
United Kingdom,FreshFusion All-Purpose Cleaner,Sep2004,1281
United Kingdom,SoothingSerenity Air Freshener,Jan2004,1418
United Kingdom,SoothingSerenity Air Freshener,Jun2004,1393
United Kingdom,SoothingSerenity Air Freshener,Jul2004,1392
United Kingdom,SoothingSerenity Air Freshener,Sep2004,1422
United Kingdom,SoothingSerenity Air Freshener,Oct2004,8683
United Kingdom,SoothingSerenity Air Freshener,Nov2004,1585
United Kingdom,SoothingSerenity Air Freshener,Dec2004,1336
United Kingdom,RadiantRover Pet Conditioner,Sep2004,4709
