Country,Product,Category
Japan,MorningMint,Prodotti dismessi
Japan,FreshStart Toothpaste,Prodotti ancora in vendita
Japan,SmileShield Whitening Strips,Prodotti dismessi
Japan,BriteBite Toothbrush,Prodotti ancora in vendita
Japan,LuminousLip Care,Prodotti dismessi
Japan,CleanSlate Mouthwash,Prodotti dismessi
Japan,OralEase Gel,Prodotti ancora in vendita
Japan,BreathBliss Mints,Prodotti dismessi
Japan,DentalDefense Toothpaste,Prodotti ancora in vendita
Japan,SparklingSmile Water Flosser,Prodotti dismessi
Japan,FreshFusion Mouth Rinse,Prodotti dismessi
Japan,SmileSavvy Tooth Whitening Kit,Prodotti dismessi
Japan,DailyDazzle Toothpaste,Prodotti dismessi
Japan,MorningBreeze Gum Care,Prodotti ancora in vendita
Japan,OralEase Plus Toothbrush,Prodotti ancora in vendita
Japan,BreatheEasy Inhalant,Prodotti dismessi
Japan,SmilesSoPure Waterpik,Prodotti venduti solo in alcuni mesi dell'anno
Japan,CleanSmile Floss Picks,Prodotti dismessi
Japan,FreshFix Mouthwash,Prodotti dismessi
Japan,SparklingGlow Toothpaste,Prodotti ancora in vendita
Japan,Purezza Body Wash,Prodotti dismessi
Japan,SkinSational Moisturizer,Prodotti dismessi
Japan,SoftStep Shaving Cream,Prodotti dismessi
Japan,GentleGlow Face Lotion,Prodotti ancora in vendita
Japan,HydraHydrate Hand Cream,Prodotti ancora in vendita
Japan,SilkSmooth Exfoliating Scrub,Prodotti ancora in vendita
Japan,CleanSkin Acne Treatment,Prodotti ancora in vendita
Japan,SunShield SPF 50 Lotion,Prodotti ancora in vendita
Japan,Refreshing Rose Body Oil,Prodotti dismessi
Japan,Calming Creme Relaxant Bath,Prodotti ancora in vendita
Japan,Brightening Body Wash,Prodotti dismessi
Japan,SmoothOperator Shaving Gel,Prodotti dismessi
Japan,RadiantRose Face Mask,Prodotti ancora in vendita
Japan,SoothingSerenity Hand Sanitizer,Prodotti dismessi
Japan,GentleGlow Face Cleanser,Prodotti dismessi
Japan,PurePore Toner,Prodotti venduti solo in alcuni mesi dell'anno
Japan,SilkySkin Moisturizing Cream,Prodotti dismessi
Japan,MorningMist Deodorant,Prodotti ancora in vendita
Japan,Hydrating Honey Body Lotion,Prodotti ancora in vendita
Japan,Exfoliating Essentials Scrub,Prodotti dismessi
Japan,FreshFusion Detergent,Prodotti ancora in vendita
Japan,CleanSlate Stain Remover,Prodotti dismessi
Japan,SoothingSoft Fabric Softener,Prodotti ancora in vendita
Japan,BrightBreeze Whitening Booster,Prodotti dismessi
Japan,DelicateDew Sensitive Wash,Prodotti dismessi
Japan,SparklingClean All-Purpose Cleaner,Prodotti ancora in vendita
Japan,FreshFold Fabric Refresher,Prodotti dismessi
Japan,RadiantRinse Color Protector,Prodotti venduti solo in alcuni mesi dell'anno
Japan,EasyWash Laundry Detergent,Prodotti dismessi
Japan,SmellSational Odor Eliminator,Prodotti dismessi
Japan,LittleLullaby Diaper Cream,Prodotti dismessi
Japan,SoothingSerenity Baby Oil,Prodotti dismessi
Japan,CalmingClean Bath Time Wash,Prodotti dismessi
Japan,FreshFusion Diaper Rash Remedy,Prodotti ancora in vendita
Japan,PurePore Baby Lotion,Prodotti ancora in vendita
Japan,SilkySkin Baby Cream,Prodotti ancora in vendita
Japan,GentleGlow Baby Sunscreen,Prodotti dismessi
Japan,BrightBreeze Insect Repellent,Prodotti dismessi
Japan,SoftStep Baby Shampoo,Prodotti ancora in vendita
Japan,RadiantRose Baby Massage Oil,Prodotti ancora in vendita
Japan,EasyWash Laundry Detergent for Babies,Prodotti ancora in vendita
Japan,LittleLullaby Diaper Liners,Prodotti dismessi
Japan,SoothingSerenity Baby Rub,Prodotti ancora in vendita
Japan,CalmingClean Diaper Rash Cream,Prodotti dismessi
Japan,FreshFusion Baby Wipes,Prodotti ancora in vendita
Japan,PurePore Baby Skincare Set,Prodotti dismessi
Japan,SilkySkin Baby Moisturizer,Prodotti ancora in vendita
Japan,GentleGlow Baby Face Wash,Prodotti dismessi
Japan,BrightBreeze Baby Sunscreen Stick,Prodotti dismessi
Japan,SmellSational Baby Room Spray,Prodotti ancora in vendita
Japan,LuminousLocks Shampoo,Prodotti ancora in vendita
Japan,SilkSmooth Conditioner,Prodotti dismessi
Japan,FreshFusion Hair Mask,Prodotti dismessi
Japan,RadiantRose Hair Serum,Prodotti dismessi
Japan,SoothingSerenity Scalp Treatment,Prodotti ancora in vendita
Japan,CleanSlate Feminine Deodorant,Prodotti dismessi
Japan,BrightBreeze Period Pain Relief,Prodotti dismessi
Japan,PurePore Sanitary Belt,Prodotti dismessi
Japan,SmellSational Intimate Spray,Prodotti ancora in vendita
Japan,SoftStep Shaving Cream for Women,Prodotti dismessi
Japan,FreshFusion All-Purpose Cleaner,Prodotti ancora in vendita
Japan,CleanSlate Disinfectant Spray,Prodotti dismessi
Japan,SoothingSerenity Air Freshener,Prodotti ancora in vendita
Japan,BrightBreeze Window Cleaner,Prodotti ancora in vendita
Japan,GentleGlow Dish Soap,Prodotti dismessi
Japan,RadiantRose Glass Cleaner,Prodotti dismessi
Japan,PurePore Insect Repellent Spray,Prodotti ancora in vendita
Japan,EasyWash Laundry Detergent for Delicates,Prodotti ancora in vendita
Japan,CalmingClean Trash Bags,Prodotti ancora in vendita
Japan,SoothingSerenity Humidifier,Prodotti ancora in vendita
Japan,PurePaw Dog Shampoo,Prodotti dismessi
Japan,SoothingPaws Cat Lotion,Prodotti dismessi
Japan,RadiantRover Pet Conditioner,Prodotti ancora in vendita
Japan,FreshFusion Flea and Tick Spray,Prodotti ancora in vendita
Japan,GentleGlow Pet Grooming Kit,Prodotti ancora in vendita
Japan,BrightBreeze Pet Odor Eliminator,Prodotti ancora in vendita
Japan,EasyWash Pet Laundry Detergent,Prodotti venduti solo in alcuni mesi dell'anno
Japan,SmellSational Pet Deodorizer,Prodotti dismessi
Japan,CalmingClean Dog Brush,Prodotti ancora in vendita
Japan,HydratingHoney Pet Wipes,Prodotti dismessi
Australia,MorningMint,Prodotti dismessi
Australia,FreshStart Toothpaste,Prodotti dismessi
Australia,SmileShield Whitening Strips,Prodotti dismessi
Australia,BriteBite Toothbrush,Prodotti ancora in vendita
Australia,LuminousLip Care,Prodotti dismessi
Australia,CleanSlate Mouthwash,Prodotti ancora in vendita
Australia,OralEase Gel,Prodotti dismessi
Australia,BreathBliss Mints,Prodotti dismessi
Australia,DentalDefense Toothpaste,Prodotti dismessi
Australia,SparklingSmile Water Flosser,Prodotti dismessi
Australia,FreshFusion Mouth Rinse,Prodotti dismessi
Australia,SmileSavvy Tooth Whitening Kit,Prodotti ancora in vendita
Australia,DailyDazzle Toothpaste,Prodotti dismessi
Australia,MorningBreeze Gum Care,Prodotti venduti solo in alcuni mesi dell'anno
Australia,OralEase Plus Toothbrush,Prodotti dismessi
Australia,BreatheEasy Inhalant,Prodotti dismessi
Australia,SmilesSoPure Waterpik,Prodotti dismessi
Australia,CleanSmile Floss Picks,Prodotti venduti solo in alcuni mesi dell'anno
Australia,FreshFix Mouthwash,Prodotti dismessi
Australia,SparklingGlow Toothpaste,Prodotti dismessi
Australia,Purezza Body Wash,Prodotti ancora in vendita
Australia,SkinSational Moisturizer,Prodotti ancora in vendita
Australia,SoftStep Shaving Cream,Prodotti dismessi
Australia,GentleGlow Face Lotion,Prodotti ancora in vendita
Australia,HydraHydrate Hand Cream,Prodotti dismessi
Australia,SilkSmooth Exfoliating Scrub,Prodotti ancora in vendita
Australia,CleanSkin Acne Treatment,Prodotti dismessi
Australia,SunShield SPF 50 Lotion,Prodotti dismessi
Australia,Refreshing Rose Body Oil,Prodotti venduti solo in alcuni mesi dell'anno
Australia,Calming Creme Relaxant Bath,Prodotti ancora in vendita
Australia,Brightening Body Wash,Prodotti dismessi
Australia,SmoothOperator Shaving Gel,Prodotti dismessi
Australia,RadiantRose Face Mask,Prodotti dismessi
Australia,SoothingSerenity Hand Sanitizer,Prodotti ancora in vendita
Australia,GentleGlow Face Cleanser,Prodotti dismessi
Australia,PurePore Toner,Prodotti dismessi
Australia,SilkySkin Moisturizing Cream,Prodotti dismessi
Australia,MorningMist Deodorant,Prodotti ancora in vendita
Australia,Hydrating Honey Body Lotion,Prodotti ancora in vendita
Australia,Exfoliating Essentials Scrub,Prodotti dismessi
Australia,FreshFusion Detergent,Prodotti ancora in vendita
Australia,CleanSlate Stain Remover,Prodotti ancora in vendita
Australia,SoothingSoft Fabric Softener,Prodotti dismessi
Australia,BrightBreeze Whitening Booster,Prodotti ancora in vendita
Australia,DelicateDew Sensitive Wash,Prodotti dismessi
Australia,SparklingClean All-Purpose Cleaner,Prodotti dismessi
Australia,FreshFold Fabric Refresher,Prodotti dismessi
Australia,RadiantRinse Color Protector,Prodotti dismessi
Australia,EasyWash Laundry Detergent,Prodotti dismessi
Australia,SmellSational Odor Eliminator,Prodotti ancora in vendita
Australia,LittleLullaby Diaper Cream,Prodotti dismessi
Australia,SoothingSerenity Baby Oil,Prodotti dismessi
Australia,CalmingClean Bath Time Wash,Prodotti dismessi
Australia,FreshFusion Diaper Rash Remedy,Prodotti dismessi
Australia,PurePore Baby Lotion,Prodotti dismessi
Australia,SilkySkin Baby Cream,Prodotti dismessi
Australia,GentleGlow Baby Sunscreen,Prodotti dismessi
Australia,BrightBreeze Insect Repellent,Prodotti ancora in vendita
Australia,SoftStep Baby Shampoo,Prodotti ancora in vendita
Australia,RadiantRose Baby Massage Oil,Prodotti dismessi
Australia,EasyWash Laundry Detergent for Babies,Prodotti ancora in vendita
Australia,LittleLullaby Diaper Liners,Prodotti ancora in vendita
Australia,SoothingSerenity Baby Rub,Prodotti dismessi
Australia,CalmingClean Diaper Rash Cream,Prodotti dismessi
Australia,FreshFusion Baby Wipes,Prodotti dismessi
Australia,PurePore Baby Skincare Set,Prodotti dismessi
Australia,SilkySkin Baby Moisturizer,Prodotti dismessi
Australia,GentleGlow Baby Face Wash,Prodotti ancora in vendita
Australia,BrightBreeze Baby Sunscreen Stick,Prodotti dismessi
Australia,SmellSational Baby Room Spray,Prodotti dismessi
Australia,LuminousLocks Shampoo,Prodotti dismessi
Australia,SilkSmooth Conditioner,Prodotti ancora in vendita
Australia,FreshFusion Hair Mask,Prodotti dismessi
Australia,RadiantRose Hair Serum,Prodotti ancora in vendita
Australia,SoothingSerenity Scalp Treatment,Prodotti ancora in vendita
Australia,CleanSlate Feminine Deodorant,Prodotti dismessi
Australia,BrightBreeze Period Pain Relief,Prodotti ancora in vendita
Australia,PurePore Sanitary Belt,Prodotti dismessi
Australia,SmellSational Intimate Spray,Prodotti dismessi
Australia,SoftStep Shaving Cream for Women,Prodotti dismessi
Australia,FreshFusion All-Purpose Cleaner,Prodotti ancora in vendita
Australia,CleanSlate Disinfectant Spray,Prodotti dismessi
Australia,SoothingSerenity Air Freshener,Prodotti dismessi
Australia,BrightBreeze Window Cleaner,Prodotti dismessi
Australia,GentleGlow Dish Soap,Prodotti ancora in vendita
Australia,RadiantRose Glass Cleaner,Prodotti ancora in vendita
Australia,PurePore Insect Repellent Spray,Prodotti dismessi
Australia,EasyWash Laundry Detergent for Delicates,Prodotti dismessi
Australia,CalmingClean Trash Bags,Prodotti ancora in vendita
Australia,SoothingSerenity Humidifier,Prodotti ancora in vendita
Australia,PurePaw Dog Shampoo,Prodotti dismessi
Australia,SoothingPaws Cat Lotion,Prodotti ancora in vendita
Australia,RadiantRover Pet Conditioner,Prodotti ancora in vendita
Australia,FreshFusion Flea and Tick Spray,Prodotti dismessi
Australia,GentleGlow Pet Grooming Kit,Prodotti dismessi
Australia,BrightBreeze Pet Odor Eliminator,Prodotti dismessi
Australia,EasyWash Pet Laundry Detergent,Prodotti dismessi
Australia,SmellSational Pet Deodorizer,Prodotti ancora in vendita
Australia,CalmingClean Dog Brush,Prodotti dismessi
Australia,HydratingHoney Pet Wipes,Prodotti dismessi
Brazil,MorningMint,Prodotti dismessi
Brazil,FreshStart Toothpaste,Prodotti ancora in vendita
Brazil,SmileShield Whitening Strips,Prodotti dismessi
Brazil,BriteBite Toothbrush,Prodotti dismessi
Brazil,LuminousLip Care,Prodotti dismessi
Brazil,CleanSlate Mouthwash,Prodotti dismessi
Brazil,OralEase Gel,Prodotti ancora in vendita
Brazil,BreathBliss Mints,Prodotti dismessi
Brazil,DentalDefense Toothpaste,Prodotti ancora in vendita
Brazil,SparklingSmile Water Flosser,Prodotti dismessi
Brazil,FreshFusion Mouth Rinse,Prodotti dismessi
Brazil,SmileSavvy Tooth Whitening Kit,Prodotti dismessi
Brazil,DailyDazzle Toothpaste,Prodotti dismessi
Brazil,MorningBreeze Gum Care,Prodotti dismessi
Brazil,OralEase Plus Toothbrush,Prodotti dismessi
Brazil,BreatheEasy Inhalant,Prodotti ancora in vendita
Brazil,SmilesSoPure Waterpik,Prodotti dismessi
Brazil,CleanSmile Floss Picks,Prodotti dismessi
Brazil,FreshFix Mouthwash,Prodotti dismessi
Brazil,SparklingGlow Toothpaste,Prodotti ancora in vendita
Brazil,Purezza Body Wash,Prodotti dismessi
Brazil,SkinSational Moisturizer,Prodotti ancora in vendita
Brazil,SoftStep Shaving Cream,Prodotti ancora in vendita
Brazil,GentleGlow Face Lotion,Prodotti ancora in vendita
Brazil,HydraHydrate Hand Cream,Prodotti dismessi
Brazil,SilkSmooth Exfoliating Scrub,Prodotti ancora in vendita
Brazil,CleanSkin Acne Treatment,Prodotti dismessi
Brazil,SunShield SPF 50 Lotion,Prodotti ancora in vendita
Brazil,Refreshing Rose Body Oil,Prodotti dismessi
Brazil,Calming Creme Relaxant Bath,Prodotti ancora in vendita
Brazil,Brightening Body Wash,Prodotti dismessi
Brazil,SmoothOperator Shaving Gel,Prodotti dismessi
Brazil,RadiantRose Face Mask,Prodotti ancora in vendita
Brazil,SoothingSerenity Hand Sanitizer,Prodotti dismessi
Brazil,GentleGlow Face Cleanser,Prodotti ancora in vendita
Brazil,PurePore Toner,Prodotti dismessi
Brazil,SilkySkin Moisturizing Cream,Prodotti ancora in vendita
Brazil,MorningMist Deodorant,Prodotti dismessi
Brazil,Hydrating Honey Body Lotion,Prodotti dismessi
Brazil,Exfoliating Essentials Scrub,Prodotti ancora in vendita
Brazil,FreshFusion Detergent,Prodotti venduti solo in alcuni mesi dell'anno
Brazil,CleanSlate Stain Remover,Prodotti dismessi
Brazil,SoothingSoft Fabric Softener,Prodotti ancora in vendita
Brazil,BrightBreeze Whitening Booster,Prodotti ancora in vendita
Brazil,DelicateDew Sensitive Wash,Prodotti dismessi
Brazil,SparklingClean All-Purpose Cleaner,Prodotti ancora in vendita
Brazil,FreshFold Fabric Refresher,Prodotti dismessi
Brazil,RadiantRinse Color Protector,Prodotti dismessi
Brazil,EasyWash Laundry Detergent,Prodotti ancora in vendita
Brazil,SmellSational Odor Eliminator,Prodotti dismessi
Brazil,LittleLullaby Diaper Cream,Prodotti dismessi
Brazil,SoothingSerenity Baby Oil,Prodotti dismessi
Brazil,CalmingClean Bath Time Wash,Prodotti dismessi
Brazil,FreshFusion Diaper Rash Remedy,Prodotti venduti solo in alcuni mesi dell'anno
Brazil,PurePore Baby Lotion,Prodotti dismessi
Brazil,SilkySkin Baby Cream,Prodotti venduti solo in alcuni mesi dell'anno
Brazil,GentleGlow Baby Sunscreen,Prodotti ancora in vendita
Brazil,BrightBreeze Insect Repellent,Prodotti dismessi
Brazil,SoftStep Baby Shampoo,Prodotti ancora in vendita
Brazil,RadiantRose Baby Massage Oil,Prodotti ancora in vendita
Brazil,EasyWash Laundry Detergent for Babies,Prodotti dismessi
Brazil,LittleLullaby Diaper Liners,Prodotti ancora in vendita
Brazil,SoothingSerenity Baby Rub,Prodotti dismessi
Brazil,CalmingClean Diaper Rash Cream,Prodotti ancora in vendita
Brazil,FreshFusion Baby Wipes,Prodotti dismessi
Brazil,PurePore Baby Skincare Set,Prodotti dismessi
Brazil,SilkySkin Baby Moisturizer,Prodotti dismessi
Brazil,GentleGlow Baby Face Wash,Prodotti ancora in vendita
Brazil,BrightBreeze Baby Sunscreen Stick,Prodotti ancora in vendita
Brazil,SmellSational Baby Room Spray,Prodotti ancora in vendita
Brazil,LuminousLocks Shampoo,Prodotti dismessi
Brazil,SilkSmooth Conditioner,Prodotti dismessi
Brazil,FreshFusion Hair Mask,Prodotti dismessi
Brazil,RadiantRose Hair Serum,Prodotti dismessi
Brazil,SoothingSerenity Scalp Treatment,Prodotti ancora in vendita
Brazil,CleanSlate Feminine Deodorant,Prodotti ancora in vendita
Brazil,BrightBreeze Period Pain Relief,Prodotti ancora in vendita
Brazil,PurePore Sanitary Belt,Prodotti dismessi
Brazil,SmellSational Intimate Spray,Prodotti ancora in vendita
Brazil,SoftStep Shaving Cream for Women,Prodotti dismessi
Brazil,FreshFusion All-Purpose Cleaner,Prodotti ancora in vendita
Brazil,CleanSlate Disinfectant Spray,Prodotti dismessi
Brazil,SoothingSerenity Air Freshener,Prodotti dismessi
Brazil,BrightBreeze Window Cleaner,Prodotti dismessi
Brazil,GentleGlow Dish Soap,Prodotti dismessi
Brazil,RadiantRose Glass Cleaner,Prodotti ancora in vendita
Brazil,PurePore Insect Repellent Spray,Prodotti ancora in vendita
Brazil,EasyWash Laundry Detergent for Delicates,Prodotti dismessi
Brazil,CalmingClean Trash Bags,Prodotti ancora in vendita
Brazil,SoothingSerenity Humidifier,Prodotti dismessi
Brazil,PurePaw Dog Shampoo,Prodotti ancora in vendita
Brazil,SoothingPaws Cat Lotion,Prodotti dismessi
Brazil,RadiantRover Pet Conditioner,Prodotti ancora in vendita
Brazil,FreshFusion Flea and Tick Spray,Prodotti dismessi
Brazil,GentleGlow Pet Grooming Kit,Prodotti dismessi
Brazil,BrightBreeze Pet Odor Eliminator,Prodotti dismessi
Brazil,EasyWash Pet Laundry Detergent,Prodotti ancora in vendita
Brazil,SmellSational Pet Deodorizer,Prodotti ancora in vendita
Brazil,CalmingClean Dog Brush,Prodotti ancora in vendita
Brazil,HydratingHoney Pet Wipes,Prodotti ancora in vendita
Egypt,MorningMint,Prodotti dismessi
Egypt,FreshStart Toothpaste,Prodotti dismessi
Egypt,SmileShield Whitening Strips,Prodotti dismessi
Egypt,BriteBite Toothbrush,Prodotti ancora in vendita
Egypt,LuminousLip Care,Prodotti dismessi
Egypt,CleanSlate Mouthwash,Prodotti dismessi
Egypt,OralEase Gel,Prodotti ancora in vendita
Egypt,BreathBliss Mints,Prodotti dismessi
Egypt,DentalDefense Toothpaste,Prodotti dismessi
Egypt,SparklingSmile Water Flosser,Prodotti dismessi
Egypt,FreshFusion Mouth Rinse,Prodotti dismessi
Egypt,SmileSavvy Tooth Whitening Kit,Prodotti dismessi
Egypt,DailyDazzle Toothpaste,Prodotti dismessi
Egypt,MorningBreeze Gum Care,Prodotti ancora in vendita
Egypt,OralEase Plus Toothbrush,Prodotti ancora in vendita
Egypt,BreatheEasy Inhalant,Prodotti ancora in vendita
Egypt,SmilesSoPure Waterpik,Prodotti dismessi
Egypt,CleanSmile Floss Picks,Prodotti dismessi
Egypt,FreshFix Mouthwash,Prodotti dismessi
Egypt,SparklingGlow Toothpaste,Prodotti ancora in vendita
Egypt,Purezza Body Wash,Prodotti dismessi
Egypt,SkinSational Moisturizer,Prodotti dismessi
Egypt,SoftStep Shaving Cream,Prodotti dismessi
Egypt,GentleGlow Face Lotion,Prodotti dismessi
Egypt,HydraHydrate Hand Cream,Prodotti dismessi
Egypt,SilkSmooth Exfoliating Scrub,Prodotti dismessi
Egypt,CleanSkin Acne Treatment,Prodotti ancora in vendita
Egypt,SunShield SPF 50 Lotion,Prodotti dismessi
Egypt,Refreshing Rose Body Oil,Prodotti ancora in vendita
Egypt,Calming Creme Relaxant Bath,Prodotti dismessi
Egypt,Brightening Body Wash,Prodotti dismessi
Egypt,SmoothOperator Shaving Gel,Prodotti ancora in vendita
Egypt,RadiantRose Face Mask,Prodotti dismessi
Egypt,SoothingSerenity Hand Sanitizer,Prodotti dismessi
Egypt,GentleGlow Face Cleanser,Prodotti ancora in vendita
Egypt,PurePore Toner,Prodotti dismessi
Egypt,SilkySkin Moisturizing Cream,Prodotti dismessi
Egypt,MorningMist Deodorant,Prodotti dismessi
Egypt,Hydrating Honey Body Lotion,Prodotti dismessi
Egypt,Exfoliating Essentials Scrub,Prodotti dismessi
Egypt,FreshFusion Detergent,Prodotti dismessi
Egypt,CleanSlate Stain Remover,Prodotti venduti solo in alcuni mesi dell'anno
Egypt,SoothingSoft Fabric Softener,Prodotti dismessi
Egypt,BrightBreeze Whitening Booster,Prodotti ancora in vendita
Egypt,DelicateDew Sensitive Wash,Prodotti dismessi
Egypt,SparklingClean All-Purpose Cleaner,Prodotti dismessi
Egypt,FreshFold Fabric Refresher,Prodotti ancora in vendita
Egypt,RadiantRinse Color Protector,Prodotti dismessi
Egypt,EasyWash Laundry Detergent,Prodotti venduti solo in alcuni mesi dell'anno
Egypt,SmellSational Odor Eliminator,Prodotti dismessi
Egypt,LittleLullaby Diaper Cream,Prodotti dismessi
Egypt,SoothingSerenity Baby Oil,Prodotti dismessi
Egypt,CalmingClean Bath Time Wash,Prodotti dismessi
Egypt,FreshFusion Diaper Rash Remedy,Prodotti dismessi
Egypt,PurePore Baby Lotion,Prodotti ancora in vendita
Egypt,SilkySkin Baby Cream,Prodotti ancora in vendita
Egypt,GentleGlow Baby Sunscreen,Prodotti dismessi
Egypt,BrightBreeze Insect Repellent,Prodotti ancora in vendita
Egypt,SoftStep Baby Shampoo,Prodotti dismessi
Egypt,RadiantRose Baby Massage Oil,Prodotti dismessi
Egypt,EasyWash Laundry Detergent for Babies,Prodotti ancora in vendita
Egypt,LittleLullaby Diaper Liners,Prodotti dismessi
Egypt,SoothingSerenity Baby Rub,Prodotti dismessi
Egypt,CalmingClean Diaper Rash Cream,Prodotti dismessi
Egypt,FreshFusion Baby Wipes,Prodotti dismessi
Egypt,PurePore Baby Skincare Set,Prodotti dismessi
Egypt,SilkySkin Baby Moisturizer,Prodotti ancora in vendita
Egypt,GentleGlow Baby Face Wash,Prodotti dismessi
Egypt,BrightBreeze Baby Sunscreen Stick,Prodotti dismessi
Egypt,SmellSational Baby Room Spray,Prodotti dismessi
Egypt,LuminousLocks Shampoo,Prodotti ancora in vendita
Egypt,SilkSmooth Conditioner,Prodotti dismessi
Egypt,FreshFusion Hair Mask,Prodotti dismessi
Egypt,RadiantRose Hair Serum,Prodotti ancora in vendita
Egypt,SoothingSerenity Scalp Treatment,Prodotti ancora in vendita
Egypt,CleanSlate Feminine Deodorant,Prodotti dismessi
Egypt,BrightBreeze Period Pain Relief,Prodotti dismessi
Egypt,PurePore Sanitary Belt,Prodotti dismessi
Egypt,SmellSational Intimate Spray,Prodotti dismessi
Egypt,SoftStep Shaving Cream for Women,Prodotti dismessi
Egypt,FreshFusion All-Purpose Cleaner,Prodotti dismessi
Egypt,CleanSlate Disinfectant Spray,Prodotti ancora in vendita
Egypt,SoothingSerenity Air Freshener,Prodotti ancora in vendita
Egypt,BrightBreeze Window Cleaner,Prodotti dismessi
Egypt,GentleGlow Dish Soap,Prodotti ancora in vendita
Egypt,RadiantRose Glass Cleaner,Prodotti dismessi
Egypt,PurePore Insect Repellent Spray,Prodotti dismessi
Egypt,EasyWash Laundry Detergent for Delicates,Prodotti dismessi
Egypt,CalmingClean Trash Bags,Prodotti dismessi
Egypt,SoothingSerenity Humidifier,Prodotti dismessi
Egypt,PurePaw Dog Shampoo,Prodotti dismessi
Egypt,SoothingPaws Cat Lotion,Prodotti ancora in vendita
Egypt,RadiantRover Pet Conditioner,Prodotti ancora in vendita
Egypt,FreshFusion Flea and Tick Spray,Prodotti dismessi
Egypt,GentleGlow Pet Grooming Kit,Prodotti dismessi
Egypt,BrightBreeze Pet Odor Eliminator,Prodotti dismessi
Egypt,EasyWash Pet Laundry Detergent,Prodotti dismessi
Egypt,SmellSational Pet Deodorizer,Prodotti ancora in vendita
Egypt,CalmingClean Dog Brush,Prodotti dismessi
Egypt,HydratingHoney Pet Wipes,Prodotti dismessi
Italy,MorningMint,Prodotti dismessi
Italy,FreshStart Toothpaste,Prodotti dismessi
Italy,SmileShield Whitening Strips,Prodotti ancora in vendita
Italy,BriteBite Toothbrush,Prodotti ancora in vendita
Italy,LuminousLip Care,Prodotti dismessi
Italy,CleanSlate Mouthwash,Prodotti ancora in vendita
Italy,OralEase Gel,Prodotti ancora in vendita
Italy,BreathBliss Mints,Prodotti dismessi
Italy,DentalDefense Toothpaste,Prodotti dismessi
Italy,SparklingSmile Water Flosser,Prodotti ancora in vendita
Italy,FreshFusion Mouth Rinse,Prodotti dismessi
Italy,SmileSavvy Tooth Whitening Kit,Prodotti dismessi
Italy,DailyDazzle Toothpaste,Prodotti ancora in vendita
Italy,MorningBreeze Gum Care,Prodotti dismessi
Italy,OralEase Plus Toothbrush,Prodotti dismessi
Italy,BreatheEasy Inhalant,Prodotti ancora in vendita
Italy,SmilesSoPure Waterpik,Prodotti ancora in vendita
Italy,CleanSmile Floss Picks,Prodotti ancora in vendita
Italy,FreshFix Mouthwash,Prodotti ancora in vendita
Italy,SparklingGlow Toothpaste,Prodotti ancora in vendita
Italy,Purezza Body Wash,Prodotti ancora in vendita
Italy,SkinSational Moisturizer,Prodotti ancora in vendita
Italy,SoftStep Shaving Cream,Prodotti ancora in vendita
Italy,GentleGlow Face Lotion,Prodotti dismessi
Italy,HydraHydrate Hand Cream,Prodotti ancora in vendita
Italy,SilkSmooth Exfoliating Scrub,Prodotti ancora in vendita
Italy,CleanSkin Acne Treatment,Prodotti dismessi
Italy,SunShield SPF 50 Lotion,Prodotti ancora in vendita
Italy,Refreshing Rose Body Oil,Prodotti ancora in vendita
Italy,Calming Creme Relaxant Bath,Prodotti dismessi
Italy,Brightening Body Wash,Prodotti ancora in vendita
Italy,SmoothOperator Shaving Gel,Prodotti dismessi
Italy,RadiantRose Face Mask,Prodotti dismessi
Italy,SoothingSerenity Hand Sanitizer,Prodotti dismessi
Italy,GentleGlow Face Cleanser,Prodotti dismessi
Italy,PurePore Toner,Prodotti ancora in vendita
Italy,SilkySkin Moisturizing Cream,Prodotti dismessi
Italy,MorningMist Deodorant,Prodotti dismessi
Italy,Hydrating Honey Body Lotion,Prodotti dismessi
Italy,Exfoliating Essentials Scrub,Prodotti dismessi
Italy,FreshFusion Detergent,Prodotti ancora in vendita
Italy,CleanSlate Stain Remover,Prodotti ancora in vendita
Italy,SoothingSoft Fabric Softener,Prodotti ancora in vendita
Italy,BrightBreeze Whitening Booster,Prodotti dismessi
Italy,DelicateDew Sensitive Wash,Prodotti dismessi
Italy,SparklingClean All-Purpose Cleaner,Prodotti ancora in vendita
Italy,FreshFold Fabric Refresher,Prodotti dismessi
Italy,RadiantRinse Color Protector,Prodotti ancora in vendita
Italy,EasyWash Laundry Detergent,Prodotti ancora in vendita
Italy,SmellSational Odor Eliminator,Prodotti ancora in vendita
Italy,LittleLullaby Diaper Cream,Prodotti ancora in vendita
Italy,SoothingSerenity Baby Oil,Prodotti ancora in vendita
Italy,CalmingClean Bath Time Wash,Prodotti ancora in vendita
Italy,FreshFusion Diaper Rash Remedy,Prodotti ancora in vendita
Italy,PurePore Baby Lotion,Prodotti ancora in vendita
Italy,SilkySkin Baby Cream,Prodotti dismessi
Italy,GentleGlow Baby Sunscreen,Prodotti ancora in vendita
Italy,BrightBreeze Insect Repellent,Prodotti dismessi
Italy,SoftStep Baby Shampoo,Prodotti dismessi
Italy,RadiantRose Baby Massage Oil,Prodotti dismessi
Italy,EasyWash Laundry Detergent for Babies,Prodotti ancora in vendita
Italy,LittleLullaby Diaper Liners,Prodotti ancora in vendita
Italy,SoothingSerenity Baby Rub,Prodotti ancora in vendita
Italy,CalmingClean Diaper Rash Cream,Prodotti ancora in vendita
Italy,FreshFusion Baby Wipes,Prodotti ancora in vendita
Italy,PurePore Baby Skincare Set,Prodotti ancora in vendita
Italy,SilkySkin Baby Moisturizer,Prodotti ancora in vendita
Italy,GentleGlow Baby Face Wash,Prodotti ancora in vendita
Italy,BrightBreeze Baby Sunscreen Stick,Prodotti ancora in vendita
Italy,SmellSational Baby Room Spray,Prodotti dismessi
Italy,LuminousLocks Shampoo,Prodotti ancora in vendita
Italy,SilkSmooth Conditioner,Prodotti dismessi
Italy,FreshFusion Hair Mask,Prodotti ancora in vendita
Italy,RadiantRose Hair Serum,Prodotti dismessi
Italy,SoothingSerenity Scalp Treatment,Prodotti ancora in vendita
Italy,CleanSlate Feminine Deodorant,Prodotti ancora in vendita
Italy,BrightBreeze Period Pain Relief,Prodotti ancora in vendita
Italy,PurePore Sanitary Belt,Prodotti venduti solo in alcuni mesi dell'anno
Italy,SmellSational Intimate Spray,Prodotti ancora in vendita
Italy,SoftStep Shaving Cream for Women,Prodotti dismessi
Italy,FreshFusion All-Purpose Cleaner,Prodotti dismessi
Italy,CleanSlate Disinfectant Spray,Prodotti ancora in vendita
Italy,SoothingSerenity Air Freshener,Prodotti dismessi
Italy,BrightBreeze Window Cleaner,Prodotti dismessi
Italy,GentleGlow Dish Soap,Prodotti ancora in vendita
Italy,RadiantRose Glass Cleaner,Prodotti dismessi
Italy,PurePore Insect Repellent Spray,Prodotti dismessi
Italy,EasyWash Laundry Detergent for Delicates,Prodotti ancora in vendita
Italy,CalmingClean Trash Bags,Prodotti ancora in vendita
Italy,SoothingSerenity Humidifier,Prodotti ancora in vendita
Italy,PurePaw Dog Shampoo,Prodotti dismessi
Italy,SoothingPaws Cat Lotion,Prodotti dismessi
Italy,RadiantRover Pet Conditioner,Prodotti dismessi
Italy,FreshFusion Flea and Tick Spray,Prodotti ancora in vendita
Italy,GentleGlow Pet Grooming Kit,Prodotti dismessi
Italy,BrightBreeze Pet Odor Eliminator,Prodotti dismessi
Italy,EasyWash Pet Laundry Detergent,Prodotti ancora in vendita
Italy,SmellSational Pet Deodorizer,Prodotti ancora in vendita
Italy,CalmingClean Dog Brush,Prodotti ancora in vendita
Italy,HydratingHoney Pet Wipes,Prodotti venduti solo in alcuni mesi dell'anno
South Africa,MorningMint,Prodotti ancora in vendita
South Africa,FreshStart Toothpaste,Prodotti dismessi
South Africa,SmileShield Whitening Strips,Prodotti dismessi
South Africa,BriteBite Toothbrush,Prodotti dismessi
South Africa,LuminousLip Care,Prodotti dismessi
South Africa,CleanSlate Mouthwash,Prodotti dismessi
South Africa,OralEase Gel,Prodotti dismessi
South Africa,BreathBliss Mints,Prodotti dismessi
South Africa,DentalDefense Toothpaste,Prodotti ancora in vendita
South Africa,SparklingSmile Water Flosser,Prodotti dismessi
South Africa,FreshFusion Mouth Rinse,Prodotti dismessi
South Africa,SmileSavvy Tooth Whitening Kit,Prodotti dismessi
South Africa,DailyDazzle Toothpaste,Prodotti dismessi
South Africa,MorningBreeze Gum Care,Prodotti dismessi
South Africa,OralEase Plus Toothbrush,Prodotti dismessi
South Africa,BreatheEasy Inhalant,Prodotti dismessi
South Africa,SmilesSoPure Waterpik,Prodotti dismessi
South Africa,CleanSmile Floss Picks,Prodotti ancora in vendita
South Africa,FreshFix Mouthwash,Prodotti dismessi
South Africa,SparklingGlow Toothpaste,Prodotti dismessi
South Africa,Purezza Body Wash,Prodotti dismessi
South Africa,SkinSational Moisturizer,Prodotti ancora in vendita
South Africa,SoftStep Shaving Cream,Prodotti dismessi
South Africa,GentleGlow Face Lotion,Prodotti dismessi
South Africa,HydraHydrate Hand Cream,Prodotti dismessi
South Africa,SilkSmooth Exfoliating Scrub,Prodotti dismessi
South Africa,CleanSkin Acne Treatment,Prodotti dismessi
South Africa,SunShield SPF 50 Lotion,Prodotti dismessi
South Africa,Refreshing Rose Body Oil,Prodotti dismessi
South Africa,Calming Creme Relaxant Bath,Prodotti dismessi
South Africa,Brightening Body Wash,Prodotti ancora in vendita
South Africa,SmoothOperator Shaving Gel,Prodotti dismessi
South Africa,RadiantRose Face Mask,Prodotti dismessi
South Africa,SoothingSerenity Hand Sanitizer,Prodotti dismessi
South Africa,GentleGlow Face Cleanser,Prodotti dismessi
South Africa,PurePore Toner,Prodotti dismessi
South Africa,SilkySkin Moisturizing Cream,Prodotti dismessi
South Africa,MorningMist Deodorant,Prodotti dismessi
South Africa,Hydrating Honey Body Lotion,Prodotti dismessi
South Africa,Exfoliating Essentials Scrub,Prodotti dismessi
South Africa,FreshFusion Detergent,Prodotti dismessi
South Africa,CleanSlate Stain Remover,Prodotti dismessi
South Africa,SoothingSoft Fabric Softener,Prodotti dismessi
South Africa,BrightBreeze Whitening Booster,Prodotti dismessi
South Africa,DelicateDew Sensitive Wash,Prodotti ancora in vendita
South Africa,SparklingClean All-Purpose Cleaner,Prodotti dismessi
South Africa,FreshFold Fabric Refresher,Prodotti dismessi
South Africa,RadiantRinse Color Protector,Prodotti dismessi
South Africa,EasyWash Laundry Detergent,Prodotti dismessi
South Africa,SmellSational Odor Eliminator,Prodotti dismessi
South Africa,LittleLullaby Diaper Cream,Prodotti dismessi
South Africa,SoothingSerenity Baby Oil,Prodotti dismessi
South Africa,CalmingClean Bath Time Wash,Prodotti dismessi
South Africa,FreshFusion Diaper Rash Remedy,Prodotti dismessi
South Africa,PurePore Baby Lotion,Prodotti dismessi
South Africa,SilkySkin Baby Cream,Prodotti dismessi
South Africa,GentleGlow Baby Sunscreen,Prodotti dismessi
South Africa,BrightBreeze Insect Repellent,Prodotti dismessi
South Africa,SoftStep Baby Shampoo,Prodotti dismessi
South Africa,RadiantRose Baby Massage Oil,Prodotti dismessi
South Africa,EasyWash Laundry Detergent for Babies,Prodotti dismessi
South Africa,LittleLullaby Diaper Liners,Prodotti dismessi
South Africa,SoothingSerenity Baby Rub,Prodotti dismessi
South Africa,CalmingClean Diaper Rash Cream,Prodotti dismessi
South Africa,FreshFusion Baby Wipes,Prodotti dismessi
South Africa,PurePore Baby Skincare Set,Prodotti dismessi
South Africa,SilkySkin Baby Moisturizer,Prodotti dismessi
South Africa,GentleGlow Baby Face Wash,Prodotti dismessi
South Africa,BrightBreeze Baby Sunscreen Stick,Prodotti dismessi
South Africa,SmellSational Baby Room Spray,Prodotti dismessi
South Africa,LuminousLocks Shampoo,Prodotti dismessi
South Africa,SilkSmooth Conditioner,Prodotti dismessi
South Africa,FreshFusion Hair Mask,Prodotti dismessi
South Africa,RadiantRose Hair Serum,Prodotti dismessi
South Africa,SoothingSerenity Scalp Treatment,Prodotti dismessi
South Africa,CleanSlate Feminine Deodorant,Prodotti dismessi
South Africa,BrightBreeze Period Pain Relief,Prodotti dismessi
South Africa,PurePore Sanitary Belt,Prodotti dismessi
South Africa,SmellSational Intimate Spray,Prodotti ancora in vendita
South Africa,SoftStep Shaving Cream for Women,Prodotti dismessi
South Africa,FreshFusion All-Purpose Cleaner,Prodotti dismessi
South Africa,CleanSlate Disinfectant Spray,Prodotti dismessi
South Africa,SoothingSerenity Air Freshener,Prodotti dismessi
South Africa,BrightBreeze Window Cleaner,Prodotti dismessi
South Africa,GentleGlow Dish Soap,Prodotti dismessi
South Africa,RadiantRose Glass Cleaner,Prodotti dismessi
South Africa,PurePore Insect Repellent Spray,Prodotti dismessi
South Africa,EasyWash Laundry Detergent for Delicates,Prodotti dismessi
South Africa,CalmingClean Trash Bags,Prodotti dismessi
South Africa,SoothingSerenity Humidifier,Prodotti dismessi
South Africa,PurePaw Dog Shampoo,Prodotti ancora in vendita
South Africa,SoothingPaws Cat Lotion,Prodotti dismessi
South Africa,RadiantRover Pet Conditioner,Prodotti ancora in vendita
South Africa,FreshFusion Flea and Tick Spray,Prodotti dismessi
South Africa,GentleGlow Pet Grooming Kit,Prodotti dismessi
South Africa,BrightBreeze Pet Odor Eliminator,Prodotti dismessi
South Africa,EasyWash Pet Laundry Detergent,Prodotti dismessi
South Africa,SmellSational Pet Deodorizer,Prodotti dismessi
South Africa,CalmingClean Dog Brush,Prodotti dismessi
South Africa,HydratingHoney Pet Wipes,Prodotti dismessi
France,MorningMint,Prodotti ancora in vendita
France,FreshStart Toothpaste,Prodotti dismessi
France,SmileShield Whitening Strips,Prodotti ancora in vendita
France,BriteBite Toothbrush,Prodotti venduti solo in alcuni mesi dell'anno
France,LuminousLip Care,Prodotti ancora in vendita
France,CleanSlate Mouthwash,Prodotti ancora in vendita
France,OralEase Gel,Prodotti dismessi
France,BreathBliss Mints,Prodotti ancora in vendita
France,DentalDefense Toothpaste,Prodotti ancora in vendita
France,SparklingSmile Water Flosser,Prodotti dismessi
France,FreshFusion Mouth Rinse,Prodotti dismessi
France,SmileSavvy Tooth Whitening Kit,Prodotti venduti solo in alcuni mesi dell'anno
France,DailyDazzle Toothpaste,Prodotti venduti solo in alcuni mesi dell'anno
France,MorningBreeze Gum Care,Prodotti dismessi
France,OralEase Plus Toothbrush,Prodotti dismessi
France,BreatheEasy Inhalant,Prodotti ancora in vendita
France,SmilesSoPure Waterpik,Prodotti ancora in vendita
France,CleanSmile Floss Picks,Prodotti ancora in vendita
France,FreshFix Mouthwash,Prodotti ancora in vendita
France,SparklingGlow Toothpaste,Prodotti dismessi
France,Purezza Body Wash,Prodotti dismessi
France,SkinSational Moisturizer,Prodotti dismessi
France,SoftStep Shaving Cream,Prodotti venduti solo in alcuni mesi dell'anno
France,GentleGlow Face Lotion,Prodotti ancora in vendita
France,HydraHydrate Hand Cream,Prodotti dismessi
France,SilkSmooth Exfoliating Scrub,Prodotti ancora in vendita
France,CleanSkin Acne Treatment,Prodotti ancora in vendita
France,SunShield SPF 50 Lotion,Prodotti dismessi
France,Refreshing Rose Body Oil,Prodotti dismessi
France,Calming Creme Relaxant Bath,Prodotti ancora in vendita
France,Brightening Body Wash,Prodotti ancora in vendita
France,SmoothOperator Shaving Gel,Prodotti dismessi
France,RadiantRose Face Mask,Prodotti dismessi
France,SoothingSerenity Hand Sanitizer,Prodotti dismessi
France,GentleGlow Face Cleanser,Prodotti ancora in vendita
France,PurePore Toner,Prodotti ancora in vendita
France,SilkySkin Moisturizing Cream,Prodotti dismessi
France,MorningMist Deodorant,Prodotti ancora in vendita
France,Hydrating Honey Body Lotion,Prodotti ancora in vendita
France,Exfoliating Essentials Scrub,Prodotti ancora in vendita
France,FreshFusion Detergent,Prodotti ancora in vendita
France,CleanSlate Stain Remover,Prodotti dismessi
France,SoothingSoft Fabric Softener,Prodotti ancora in vendita
France,BrightBreeze Whitening Booster,Prodotti ancora in vendita
France,DelicateDew Sensitive Wash,Prodotti venduti solo in alcuni mesi dell'anno
France,SparklingClean All-Purpose Cleaner,Prodotti ancora in vendita
France,FreshFold Fabric Refresher,Prodotti ancora in vendita
France,RadiantRinse Color Protector,Prodotti ancora in vendita
France,EasyWash Laundry Detergent,Prodotti ancora in vendita
France,SmellSational Odor Eliminator,Prodotti dismessi
France,LittleLullaby Diaper Cream,Prodotti dismessi
France,SoothingSerenity Baby Oil,Prodotti ancora in vendita
France,CalmingClean Bath Time Wash,Prodotti dismessi
France,FreshFusion Diaper Rash Remedy,Prodotti dismessi
France,PurePore Baby Lotion,Prodotti ancora in vendita
France,SilkySkin Baby Cream,Prodotti ancora in vendita
France,GentleGlow Baby Sunscreen,Prodotti ancora in vendita
France,BrightBreeze Insect Repellent,Prodotti ancora in vendita
France,SoftStep Baby Shampoo,Prodotti dismessi
France,RadiantRose Baby Massage Oil,Prodotti ancora in vendita
France,EasyWash Laundry Detergent for Babies,Prodotti dismessi
France,LittleLullaby Diaper Liners,Prodotti ancora in vendita
France,SoothingSerenity Baby Rub,Prodotti ancora in vendita
France,CalmingClean Diaper Rash Cream,Prodotti ancora in vendita
France,FreshFusion Baby Wipes,Prodotti ancora in vendita
France,PurePore Baby Skincare Set,Prodotti ancora in vendita
France,SilkySkin Baby Moisturizer,Prodotti venduti solo in alcuni mesi dell'anno
France,GentleGlow Baby Face Wash,Prodotti dismessi
France,BrightBreeze Baby Sunscreen Stick,Prodotti ancora in vendita
France,SmellSational Baby Room Spray,Prodotti dismessi
France,LuminousLocks Shampoo,Prodotti dismessi
France,SilkSmooth Conditioner,Prodotti dismessi
France,FreshFusion Hair Mask,Prodotti dismessi
France,RadiantRose Hair Serum,Prodotti dismessi
France,SoothingSerenity Scalp Treatment,Prodotti dismessi
France,CleanSlate Feminine Deodorant,Prodotti ancora in vendita
France,BrightBreeze Period Pain Relief,Prodotti ancora in vendita
France,PurePore Sanitary Belt,Prodotti dismessi
France,SmellSational Intimate Spray,Prodotti ancora in vendita
France,SoftStep Shaving Cream for Women,Prodotti ancora in vendita
France,FreshFusion All-Purpose Cleaner,Prodotti ancora in vendita
France,CleanSlate Disinfectant Spray,Prodotti ancora in vendita
France,SoothingSerenity Air Freshener,Prodotti dismessi
France,BrightBreeze Window Cleaner,Prodotti ancora in vendita
France,GentleGlow Dish Soap,Prodotti ancora in vendita
France,RadiantRose Glass Cleaner,Prodotti venduti solo in alcuni mesi dell'anno
France,PurePore Insect Repellent Spray,Prodotti ancora in vendita
France,EasyWash Laundry Detergent for Delicates,Prodotti ancora in vendita
France,CalmingClean Trash Bags,Prodotti ancora in vendita
France,SoothingSerenity Humidifier,Prodotti ancora in vendita
France,PurePaw Dog Shampoo,Prodotti dismessi
France,SoothingPaws Cat Lotion,Prodotti ancora in vendita
France,RadiantRover Pet Conditioner,Prodotti ancora in vendita
France,FreshFusion Flea and Tick Spray,Prodotti ancora in vendita
France,GentleGlow Pet Grooming Kit,Prodotti ancora in vendita
France,BrightBreeze Pet Odor Eliminator,Prodotti dismessi
France,EasyWash Pet Laundry Detergent,Prodotti ancora in vendita
France,SmellSational Pet Deodorizer,Prodotti dismessi
France,CalmingClean Dog Brush,Prodotti dismessi
France,HydratingHoney Pet Wipes,Prodotti ancora in vendita
India,MorningMint,Prodotti dismessi
India,FreshStart Toothpaste,Prodotti ancora in vendita
India,SmileShield Whitening Strips,Prodotti dismessi
India,BriteBite Toothbrush,Prodotti dismessi
India,LuminousLip Care,Prodotti dismessi
India,CleanSlate Mouthwash,Prodotti dismessi
India,OralEase Gel,Prodotti dismessi
India,BreathBliss Mints,Prodotti dismessi
India,DentalDefense Toothpaste,Prodotti dismessi
India,SparklingSmile Water Flosser,Prodotti ancora in vendita
India,FreshFusion Mouth Rinse,Prodotti dismessi
India,SmileSavvy Tooth Whitening Kit,Prodotti dismessi
India,DailyDazzle Toothpaste,Prodotti dismessi
India,MorningBreeze Gum Care,Prodotti ancora in vendita
India,OralEase Plus Toothbrush,Prodotti venduti solo in alcuni mesi dell'anno
India,BreatheEasy Inhalant,Prodotti dismessi
India,SmilesSoPure Waterpik,Prodotti dismessi
India,CleanSmile Floss Picks,Prodotti dismessi
India,FreshFix Mouthwash,Prodotti dismessi
India,SparklingGlow Toothpaste,Prodotti dismessi
India,Purezza Body Wash,Prodotti ancora in vendita
India,SkinSational Moisturizer,Prodotti dismessi
India,SoftStep Shaving Cream,Prodotti dismessi
India,GentleGlow Face Lotion,Prodotti dismessi
India,HydraHydrate Hand Cream,Prodotti dismessi
India,SilkSmooth Exfoliating Scrub,Prodotti dismessi
India,CleanSkin Acne Treatment,Prodotti dismessi
India,SunShield SPF 50 Lotion,Prodotti dismessi
India,Refreshing Rose Body Oil,Prodotti dismessi
India,Calming Creme Relaxant Bath,Prodotti dismessi
India,Brightening Body Wash,Prodotti dismessi
India,SmoothOperator Shaving Gel,Prodotti dismessi
India,RadiantRose Face Mask,Prodotti dismessi
India,SoothingSerenity Hand Sanitizer,Prodotti ancora in vendita
India,GentleGlow Face Cleanser,Prodotti dismessi
India,PurePore Toner,Prodotti dismessi
India,SilkySkin Moisturizing Cream,Prodotti ancora in vendita
India,MorningMist Deodorant,Prodotti dismessi
India,Hydrating Honey Body Lotion,Prodotti dismessi
India,Exfoliating Essentials Scrub,Prodotti dismessi
India,FreshFusion Detergent,Prodotti ancora in vendita
India,CleanSlate Stain Remover,Prodotti dismessi
India,SoothingSoft Fabric Softener,Prodotti dismessi
India,BrightBreeze Whitening Booster,Prodotti ancora in vendita
India,DelicateDew Sensitive Wash,Prodotti ancora in vendita
India,SparklingClean All-Purpose Cleaner,Prodotti ancora in vendita
India,FreshFold Fabric Refresher,Prodotti dismessi
India,RadiantRinse Color Protector,Prodotti dismessi
India,EasyWash Laundry Detergent,Prodotti ancora in vendita
India,SmellSational Odor Eliminator,Prodotti dismessi
India,LittleLullaby Diaper Cream,Prodotti ancora in vendita
India,SoothingSerenity Baby Oil,Prodotti dismessi
India,CalmingClean Bath Time Wash,Prodotti ancora in vendita
India,FreshFusion Diaper Rash Remedy,Prodotti dismessi
India,PurePore Baby Lotion,Prodotti dismessi
India,SilkySkin Baby Cream,Prodotti dismessi
India,GentleGlow Baby Sunscreen,Prodotti dismessi
India,BrightBreeze Insect Repellent,Prodotti dismessi
India,SoftStep Baby Shampoo,Prodotti dismessi
India,RadiantRose Baby Massage Oil,Prodotti dismessi
India,EasyWash Laundry Detergent for Babies,Prodotti dismessi
India,LittleLullaby Diaper Liners,Prodotti dismessi
India,SoothingSerenity Baby Rub,Prodotti dismessi
India,CalmingClean Diaper Rash Cream,Prodotti dismessi
India,FreshFusion Baby Wipes,Prodotti ancora in vendita
India,PurePore Baby Skincare Set,Prodotti ancora in vendita
India,SilkySkin Baby Moisturizer,Prodotti ancora in vendita
India,GentleGlow Baby Face Wash,Prodotti dismessi
India,BrightBreeze Baby Sunscreen Stick,Prodotti dismessi
India,SmellSational Baby Room Spray,Prodotti ancora in vendita
India,LuminousLocks Shampoo,Prodotti dismessi
India,SilkSmooth Conditioner,Prodotti dismessi
India,FreshFusion Hair Mask,Prodotti ancora in vendita
India,RadiantRose Hair Serum,Prodotti dismessi
India,SoothingSerenity Scalp Treatment,Prodotti dismessi
India,CleanSlate Feminine Deodorant,Prodotti dismessi
India,BrightBreeze Period Pain Relief,Prodotti dismessi
India,PurePore Sanitary Belt,Prodotti dismessi
India,SmellSational Intimate Spray,Prodotti dismessi
India,SoftStep Shaving Cream for Women,Prodotti dismessi
India,FreshFusion All-Purpose Cleaner,Prodotti dismessi
India,CleanSlate Disinfectant Spray,Prodotti dismessi
India,SoothingSerenity Air Freshener,Prodotti dismessi
India,BrightBreeze Window Cleaner,Prodotti dismessi
India,GentleGlow Dish Soap,Prodotti ancora in vendita
India,RadiantRose Glass Cleaner,Prodotti dismessi
India,PurePore Insect Repellent Spray,Prodotti ancora in vendita
India,EasyWash Laundry Detergent for Delicates,Prodotti dismessi
India,CalmingClean Trash Bags,Prodotti dismessi
India,SoothingSerenity Humidifier,Prodotti dismessi
India,PurePaw Dog Shampoo,Prodotti ancora in vendita
India,SoothingPaws Cat Lotion,Prodotti ancora in vendita
India,RadiantRover Pet Conditioner,Prodotti dismessi
India,FreshFusion Flea and Tick Spray,Prodotti dismessi
India,GentleGlow Pet Grooming Kit,Prodotti dismessi
India,BrightBreeze Pet Odor Eliminator,Prodotti dismessi
India,EasyWash Pet Laundry Detergent,Prodotti dismessi
India,SmellSational Pet Deodorizer,Prodotti ancora in vendita
India,CalmingClean Dog Brush,Prodotti dismessi
India,HydratingHoney Pet Wipes,Prodotti dismessi
United Kingdom,MorningMint,Prodotti ancora in vendita
United Kingdom,FreshStart Toothpaste,Prodotti ancora in vendita
United Kingdom,SmileShield Whitening Strips,Prodotti ancora in vendita
United Kingdom,BriteBite Toothbrush,Prodotti ancora in vendita
United Kingdom,LuminousLip Care,Prodotti ancora in vendita
United Kingdom,CleanSlate Mouthwash,Prodotti ancora in vendita
United Kingdom,OralEase Gel,Prodotti ancora in vendita
United Kingdom,BreathBliss Mints,Prodotti dismessi
United Kingdom,DentalDefense Toothpaste,Prodotti ancora in vendita
United Kingdom,SparklingSmile Water Flosser,Prodotti dismessi
United Kingdom,FreshFusion Mouth Rinse,Prodotti ancora in vendita
United Kingdom,SmileSavvy Tooth Whitening Kit,Prodotti ancora in vendita
United Kingdom,DailyDazzle Toothpaste,Prodotti ancora in vendita
United Kingdom,MorningBreeze Gum Care,Prodotti ancora in vendita
United Kingdom,OralEase Plus Toothbrush,Prodotti ancora in vendita
United Kingdom,BreatheEasy Inhalant,Prodotti ancora in vendita
United Kingdom,SmilesSoPure Waterpik,Prodotti dismessi
United Kingdom,CleanSmile Floss Picks,Prodotti ancora in vendita
United Kingdom,FreshFix Mouthwash,Prodotti ancora in vendita
United Kingdom,SparklingGlow Toothpaste,Prodotti ancora in vendita
United Kingdom,Purezza Body Wash,Prodotti ancora in vendita
United Kingdom,SkinSational Moisturizer,Prodotti ancora in vendita
United Kingdom,SoftStep Shaving Cream,Prodotti venduti solo in alcuni mesi dell'anno
United Kingdom,GentleGlow Face Lotion,Prodotti ancora in vendita
United Kingdom,HydraHydrate Hand Cream,Prodotti dismessi
United Kingdom,SilkSmooth Exfoliating Scrub,Prodotti dismessi
United Kingdom,CleanSkin Acne Treatment,Prodotti dismessi
United Kingdom,SunShield SPF 50 Lotion,Prodotti ancora in vendita
United Kingdom,Refreshing Rose Body Oil,Prodotti ancora in vendita
United Kingdom,Calming Creme Relaxant Bath,Prodotti ancora in vendita
United Kingdom,Brightening Body Wash,Prodotti dismessi
United Kingdom,SmoothOperator Shaving Gel,Prodotti ancora in vendita
United Kingdom,RadiantRose Face Mask,Prodotti ancora in vendita
United Kingdom,SoothingSerenity Hand Sanitizer,Prodotti dismessi
United Kingdom,GentleGlow Face Cleanser,Prodotti ancora in vendita
United Kingdom,PurePore Toner,Prodotti ancora in vendita
United Kingdom,SilkySkin Moisturizing Cream,Prodotti dismessi
United Kingdom,MorningMist Deodorant,Prodotti ancora in vendita
United Kingdom,Hydrating Honey Body Lotion,Prodotti ancora in vendita
United Kingdom,Exfoliating Essentials Scrub,Prodotti ancora in vendita
United Kingdom,FreshFusion Detergent,Prodotti dismessi
United Kingdom,CleanSlate Stain Remover,Prodotti ancora in vendita
United Kingdom,SoothingSoft Fabric Softener,Prodotti dismessi
United Kingdom,BrightBreeze Whitening Booster,Prodotti dismessi
United Kingdom,DelicateDew Sensitive Wash,Prodotti dismessi
United Kingdom,SparklingClean All-Purpose Cleaner,Prodotti venduti solo in alcuni mesi dell'anno
United Kingdom,FreshFold Fabric Refresher,Prodotti ancora in vendita
United Kingdom,RadiantRinse Color Protector,Prodotti dismessi
United Kingdom,EasyWash Laundry Detergent,Prodotti dismessi
United Kingdom,SmellSational Odor Eliminator,Prodotti ancora in vendita
United Kingdom,LittleLullaby Diaper Cream,Prodotti dismessi
United Kingdom,SoothingSerenity Baby Oil,Prodotti ancora in vendita
United Kingdom,CalmingClean Bath Time Wash,Prodotti dismessi
United Kingdom,FreshFusion Diaper Rash Remedy,Prodotti ancora in vendita
United Kingdom,PurePore Baby Lotion,Prodotti dismessi
United Kingdom,SilkySkin Baby Cream,Prodotti dismessi
United Kingdom,GentleGlow Baby Sunscreen,Prodotti ancora in vendita
United Kingdom,BrightBreeze Insect Repellent,Prodotti dismessi
United Kingdom,SoftStep Baby Shampoo,Prodotti ancora in vendita
United Kingdom,RadiantRose Baby Massage Oil,Prodotti ancora in vendita
United Kingdom,EasyWash Laundry Detergent for Babies,Prodotti ancora in vendita
United Kingdom,LittleLullaby Diaper Liners,Prodotti ancora in vendita
United Kingdom,SoothingSerenity Baby Rub,Prodotti ancora in vendita
United Kingdom,CalmingClean Diaper Rash Cream,Prodotti ancora in vendita
United Kingdom,FreshFusion Baby Wipes,Prodotti venduti solo in alcuni mesi dell'anno
United Kingdom,PurePore Baby Skincare Set,Prodotti dismessi
United Kingdom,SilkySkin Baby Moisturizer,Prodotti ancora in vendita
United Kingdom,GentleGlow Baby Face Wash,Prodotti ancora in vendita
United Kingdom,BrightBreeze Baby Sunscreen Stick,Prodotti ancora in vendita
United Kingdom,SmellSational Baby Room Spray,Prodotti venduti solo in alcuni mesi dell'anno
United Kingdom,LuminousLocks Shampoo,Prodotti ancora in vendita
United Kingdom,SilkSmooth Conditioner,Prodotti ancora in vendita
United Kingdom,FreshFusion Hair Mask,Prodotti ancora in vendita
United Kingdom,RadiantRose Hair Serum,Prodotti ancora in vendita
United Kingdom,SoothingSerenity Scalp Treatment,Prodotti dismessi
United Kingdom,CleanSlate Feminine Deodorant,Prodotti ancora in vendita
United Kingdom,BrightBreeze Period Pain Relief,Prodotti venduti solo in alcuni mesi dell'anno
United Kingdom,PurePore Sanitary Belt,Prodotti venduti solo in alcuni mesi dell'anno
United Kingdom,SmellSational Intimate Spray,Prodotti ancora in vendita
United Kingdom,SoftStep Shaving Cream for Women,Prodotti dismessi
United Kingdom,FreshFusion All-Purpose Cleaner,Prodotti dismessi
United Kingdom,CleanSlate Disinfectant Spray,Prodotti ancora in vendita
United Kingdom,SoothingSerenity Air Freshener,Prodotti ancora in vendita
United Kingdom,BrightBreeze Window Cleaner,Prodotti ancora in vendita
United Kingdom,GentleGlow Dish Soap,Prodotti ancora in vendita
United Kingdom,RadiantRose Glass Cleaner,Prodotti ancora in vendita
United Kingdom,PurePore Insect Repellent Spray,Prodotti dismessi
United Kingdom,EasyWash Laundry Detergent for Delicates,Prodotti ancora in vendita
United Kingdom,CalmingClean Trash Bags,Prodotti ancora in vendita
United Kingdom,SoothingSerenity Humidifier,Prodotti ancora in vendita
United Kingdom,PurePaw Dog Shampoo,Prodotti dismessi
United Kingdom,SoothingPaws Cat Lotion,Prodotti dismessi
United Kingdom,RadiantRover Pet Conditioner,Prodotti ancora in vendita
United Kingdom,FreshFusion Flea and Tick Spray,Prodotti ancora in vendita
United Kingdom,GentleGlow Pet Grooming Kit,Prodotti ancora in vendita
United Kingdom,BrightBreeze Pet Odor Eliminator,Prodotti ancora in vendita
United Kingdom,EasyWash Pet Laundry Detergent,Prodotti ancora in vendita
United Kingdom,SmellSational Pet Deodorizer,Prodotti ancora in vendita
United Kingdom,CalmingClean Dog Brush,Prodotti ancora in vendita
United Kingdom,HydratingHoney Pet Wipes,Prodotti dismessi
Russia,MorningMint,Prodotti dismessi
Russia,FreshStart Toothpaste,Prodotti ancora in vendita
Russia,SmileShield Whitening Strips,Prodotti ancora in vendita
Russia,BriteBite Toothbrush,Prodotti ancora in vendita
Russia,LuminousLip Care,Prodotti dismessi
Russia,CleanSlate Mouthwash,Prodotti ancora in vendita
Russia,OralEase Gel,Prodotti ancora in vendita
Russia,BreathBliss Mints,Prodotti ancora in vendita
Russia,DentalDefense Toothpaste,Prodotti dismessi
Russia,SparklingSmile Water Flosser,Prodotti ancora in vendita
Russia,FreshFusion Mouth Rinse,Prodotti dismessi
Russia,SmileSavvy Tooth Whitening Kit,Prodotti dismessi
Russia,DailyDazzle Toothpaste,Prodotti dismessi
Russia,MorningBreeze Gum Care,Prodotti dismessi
Russia,OralEase Plus Toothbrush,Prodotti ancora in vendita
Russia,BreatheEasy Inhalant,Prodotti ancora in vendita
Russia,SmilesSoPure Waterpik,Prodotti dismessi
Russia,CleanSmile Floss Picks,Prodotti ancora in vendita
Russia,FreshFix Mouthwash,Prodotti ancora in vendita
Russia,SparklingGlow Toothpaste,Prodotti ancora in vendita
Russia,Purezza Body Wash,Prodotti venduti solo in alcuni mesi dell'anno
Russia,SkinSational Moisturizer,Prodotti venduti solo in alcuni mesi dell'anno
Russia,SoftStep Shaving Cream,Prodotti ancora in vendita
Russia,GentleGlow Face Lotion,Prodotti ancora in vendita
Russia,HydraHydrate Hand Cream,Prodotti dismessi
Russia,SilkSmooth Exfoliating Scrub,Prodotti ancora in vendita
Russia,CleanSkin Acne Treatment,Prodotti dismessi
Russia,SunShield SPF 50 Lotion,Prodotti dismessi
Russia,Refreshing Rose Body Oil,Prodotti ancora in vendita
Russia,Calming Creme Relaxant Bath,Prodotti ancora in vendita
Russia,Brightening Body Wash,Prodotti ancora in vendita
Russia,SmoothOperator Shaving Gel,Prodotti ancora in vendita
Russia,RadiantRose Face Mask,Prodotti venduti solo in alcuni mesi dell'anno
Russia,SoothingSerenity Hand Sanitizer,Prodotti dismessi
Russia,GentleGlow Face Cleanser,Prodotti ancora in vendita
Russia,PurePore Toner,Prodotti ancora in vendita
Russia,SilkySkin Moisturizing Cream,Prodotti ancora in vendita
Russia,MorningMist Deodorant,Prodotti dismessi
Russia,Hydrating Honey Body Lotion,Prodotti ancora in vendita
Russia,Exfoliating Essentials Scrub,Prodotti dismessi
Russia,FreshFusion Detergent,Prodotti ancora in vendita
Russia,CleanSlate Stain Remover,Prodotti ancora in vendita
Russia,SoothingSoft Fabric Softener,Prodotti venduti solo in alcuni mesi dell'anno
Russia,BrightBreeze Whitening Booster,Prodotti dismessi
Russia,DelicateDew Sensitive Wash,Prodotti ancora in vendita
Russia,SparklingClean All-Purpose Cleaner,Prodotti ancora in vendita
Russia,FreshFold Fabric Refresher,Prodotti venduti solo in alcuni mesi dell'anno
Russia,RadiantRinse Color Protector,Prodotti dismessi
Russia,EasyWash Laundry Detergent,Prodotti dismessi
Russia,SmellSational Odor Eliminator,Prodotti dismessi
Russia,LittleLullaby Diaper Cream,Prodotti ancora in vendita
Russia,SoothingSerenity Baby Oil,Prodotti dismessi
Russia,CalmingClean Bath Time Wash,Prodotti ancora in vendita
Russia,FreshFusion Diaper Rash Remedy,Prodotti dismessi
Russia,PurePore Baby Lotion,Prodotti ancora in vendita
Russia,SilkySkin Baby Cream,Prodotti ancora in vendita
Russia,GentleGlow Baby Sunscreen,Prodotti dismessi
Russia,BrightBreeze Insect Repellent,Prodotti ancora in vendita
Russia,SoftStep Baby Shampoo,Prodotti venduti solo in alcuni mesi dell'anno
Russia,RadiantRose Baby Massage Oil,Prodotti ancora in vendita
Russia,EasyWash Laundry Detergent for Babies,Prodotti ancora in vendita
Russia,LittleLullaby Diaper Liners,Prodotti dismessi
Russia,SoothingSerenity Baby Rub,Prodotti ancora in vendita
Russia,CalmingClean Diaper Rash Cream,Prodotti dismessi
Russia,FreshFusion Baby Wipes,Prodotti ancora in vendita
Russia,PurePore Baby Skincare Set,Prodotti ancora in vendita
Russia,SilkySkin Baby Moisturizer,Prodotti ancora in vendita
Russia,GentleGlow Baby Face Wash,Prodotti ancora in vendita
Russia,BrightBreeze Baby Sunscreen Stick,Prodotti dismessi
Russia,SmellSational Baby Room Spray,Prodotti dismessi
Russia,LuminousLocks Shampoo,Prodotti dismessi
Russia,SilkSmooth Conditioner,Prodotti ancora in vendita
Russia,FreshFusion Hair Mask,Prodotti dismessi
Russia,RadiantRose Hair Serum,Prodotti dismessi
Russia,SoothingSerenity Scalp Treatment,Prodotti dismessi
Russia,CleanSlate Feminine Deodorant,Prodotti ancora in vendita
Russia,BrightBreeze Period Pain Relief,Prodotti dismessi
Russia,PurePore Sanitary Belt,Prodotti dismessi
Russia,SmellSational Intimate Spray,Prodotti dismessi
Russia,SoftStep Shaving Cream for Women,Prodotti ancora in vendita
Russia,FreshFusion All-Purpose Cleaner,Prodotti dismessi
Russia,CleanSlate Disinfectant Spray,Prodotti ancora in vendita
Russia,SoothingSerenity Air Freshener,Prodotti ancora in vendita
Russia,BrightBreeze Window Cleaner,Prodotti dismessi
Russia,GentleGlow Dish Soap,Prodotti dismessi
Russia,RadiantRose Glass Cleaner,Prodotti ancora in vendita
Russia,PurePore Insect Repellent Spray,Prodotti dismessi
Russia,EasyWash Laundry Detergent for Delicates,Prodotti dismessi
Russia,CalmingClean Trash Bags,Prodotti ancora in vendita
Russia,SoothingSerenity Humidifier,Prodotti dismessi
Russia,PurePaw Dog Shampoo,Prodotti ancora in vendita
Russia,SoothingPaws Cat Lotion,Prodotti dismessi
Russia,RadiantRover Pet Conditioner,Prodotti ancora in vendita
Russia,FreshFusion Flea and Tick Spray,Prodotti dismessi
Russia,GentleGlow Pet Grooming Kit,Prodotti dismessi
Russia,BrightBreeze Pet Odor Eliminator,Prodotti ancora in vendita
Russia,EasyWash Pet Laundry Detergent,Prodotti dismessi
Russia,SmellSational Pet Deodorizer,Prodotti dismessi
Russia,CalmingClean Dog Brush,Prodotti ancora in vendita
Russia,HydratingHoney Pet Wipes,Prodotti dismessi
